category,id,group,prompt,angle,distance,lighting,background,expression
models,f_cauz_20s_slim__000,f_cauz_20s_slim,"photorealistic photograph of a Central Asian woman in her early 20s, slim build, light warm ivory skin, long straight black hair, high cheekbones and a narrow face, wearing a plain white t-shirt and dark grey trousers, headshot, front view, facing camera, soft diffused daylight, plain light grey studio backdrop, neutral expression, natural skin texture, visible pores and fine skin detail, realistic fabric drape, shot on 85mm lens, shallow depth of field, photorealistic, unretouched",front view,headshot,soft diffused daylight,plain light grey studio backdrop,neutral
models,f_cauz_20s_slim__001,f_cauz_20s_slim,"photorealistic photograph of a Central Asian woman in her early 20s, slim build, light warm ivory skin, long straight black hair, high cheekbones and a narrow face, wearing a plain black t-shirt and blue jeans, headshot, three-quarter view turned to the left, hard directional sunlight, warm beige wall, neutral expression, natural skin texture, visible pores and fine skin detail, realistic fabric drape, shot on 85mm lens, shallow depth of field, photorealistic, unretouched",three-quarter view turned to the left,headshot,hard directional sunlight,warm beige wall,neutral
models,f_cauz_20s_slim__002,f_cauz_20s_slim,"photorealistic photograph of a Central Asian woman in her early 20s, slim build, light warm ivory skin, long straight black hair, high cheekbones and a narrow face, wearing a plain navy long-sleeve top and beige trousers, headshot, three-quarter view turned to the right, strong side light, white seamless studio, neutral expression, natural skin texture, visible pores and fine skin detail, realistic fabric drape, shot on 85mm lens, shallow depth of field, photorealistic, unretouched",three-quarter view turned to the right,headshot,strong side light,white seamless studio,neutral
models,f_cauz_20s_slim__003,f_cauz_20s_slim,"photorealistic photograph of a Central Asian woman in her early 20s, slim build, light warm ivory skin, long straight black hair, high cheekbones and a narrow face, wearing a plain grey knit top and black trousers, headshot, near profile view, rim light from behind, blurred outdoor street, neutral expression, natural skin texture, visible pores and fine skin detail, realistic fabric drape, shot on 85mm lens, shallow depth of field, photorealistic, unretouched",near profile view,headshot,rim light from behind,blurred outdoor street,neutral
models,f_cauz_20s_slim__004,f_cauz_20s_slim,"photorealistic photograph of a Central Asian woman in her early 20s, slim build, light warm ivory skin, long straight black hair, high cheekbones and a narrow face, wearing a plain olive shirt and dark jeans, half body, from the waist up, shot from slightly above eye level, soft diffused daylight, blurred plain interior, neutral expression, natural skin texture, visible pores and fine skin detail, realistic fabric drape, shot on 85mm lens, shallow depth of field, photorealistic, unretouched",shot from slightly above eye level,half body,soft diffused daylight,blurred plain interior,neutral
models,f_cauz_20s_slim__005,f_cauz_20s_slim,"photorealistic photograph of a Central Asian woman in her early 20s, slim build, light warm ivory skin, long straight black hair, high cheekbones and a narrow face, wearing a plain white t-shirt and dark grey trousers, half body, from the waist up, shot from slightly below eye level, hard directional sunlight, soft gradient backdrop, neutral expression, natural skin texture, visible pores and fine skin detail, realistic fabric drape, shot on 85mm lens, shallow depth of field, photorealistic, unretouched",shot from slightly below eye level,half body,hard directional sunlight,soft gradient backdrop,neutral
models,f_cauz_20s_slim__006,f_cauz_20s_slim,"photorealistic photograph of a Central Asian woman in her early 20s, slim build, light warm ivory skin, long straight black hair, high cheekbones and a narrow face, wearing a plain black t-shirt and blue jeans, half body, from the waist up, front view, facing camera, strong side light, plain light grey studio backdrop, neutral expression, natural skin texture, visible pores and fine skin detail, realistic fabric drape, shot on 85mm lens, shallow depth of field, photorealistic, unretouched",front view,half body,strong side light,plain light grey studio backdrop,neutral
models,f_cauz_20s_slim__007,f_cauz_20s_slim,"photorealistic photograph of a Central Asian woman in her early 20s, slim build, light warm ivory skin, long straight black hair, high cheekbones and a narrow face, wearing a plain navy long-sleeve top and beige trousers, half body, from the waist up, three-quarter view turned to the left, rim light from behind, warm beige wall, neutral expression, natural skin texture, visible pores and fine skin detail, realistic fabric drape, shot on 85mm lens, shallow depth of field, photorealistic, unretouched",three-quarter view turned to the left,half body,rim light from behind,warm beige wall,neutral
models,f_cauz_20s_slim__008,f_cauz_20s_slim,"photorealistic photograph of a Central Asian woman in her early 20s, slim build, light warm ivory skin, long straight black hair, high cheekbones and a narrow face, wearing a plain grey knit top and black trousers, half body, from the waist up, three-quarter view turned to the right, soft diffused daylight, white seamless studio, neutral expression, natural skin texture, visible pores and fine skin detail, realistic fabric drape, shot on 85mm lens, shallow depth of field, photorealistic, unretouched",three-quarter view turned to the right,half body,soft diffused daylight,white seamless studio,neutral
models,f_cauz_20s_slim__009,f_cauz_20s_slim,"photorealistic photograph of a Central Asian woman in her early 20s, slim build, light warm ivory skin, long straight black hair, high cheekbones and a narrow face, wearing a plain olive shirt and dark jeans, half body, from the waist up, near profile view, hard directional sunlight, blurred outdoor street, neutral expression, natural skin texture, visible pores and fine skin detail, realistic fabric drape, shot on 85mm lens, shallow depth of field, photorealistic, unretouched",near profile view,half body,hard directional sunlight,blurred outdoor street,neutral
models,f_cauz_20s_slim__010,f_cauz_20s_slim,"photorealistic photograph of a Central Asian woman in her early 20s, slim build, light warm ivory skin, long straight black hair, high cheekbones and a narrow face, wearing a plain white t-shirt and dark grey trousers, half body, from the waist up, shot from slightly above eye level, strong side light, blurred plain interior, neutral expression, natural skin texture, visible pores and fine skin detail, realistic fabric drape, shot on 85mm lens, shallow depth of field, photorealistic, unretouched",shot from slightly above eye level,half body,strong side light,blurred plain interior,neutral
models,f_cauz_20s_slim__011,f_cauz_20s_slim,"photorealistic photograph of a Central Asian woman in her early 20s, slim build, light warm ivory skin, long straight black hair, high cheekbones and a narrow face, wearing a plain black t-shirt and blue jeans, half body, from the waist up, shot from slightly below eye level, rim light from behind, soft gradient backdrop, neutral expression, natural skin texture, visible pores and fine skin detail, realistic fabric drape, shot on 85mm lens, shallow depth of field, photorealistic, unretouched",shot from slightly below eye level,half body,rim light from behind,soft gradient backdrop,neutral
models,f_cauz_20s_slim__012,f_cauz_20s_slim,"photorealistic photograph of a Central Asian woman in her early 20s, slim build, light warm ivory skin, long straight black hair, high cheekbones and a narrow face, wearing a plain navy long-sleeve top and beige trousers, half body, from the waist up, front view, facing camera, soft diffused daylight, plain light grey studio backdrop, neutral expression, natural skin texture, visible pores and fine skin detail, realistic fabric drape, shot on 85mm lens, shallow depth of field, photorealistic, unretouched",front view,half body,soft diffused daylight,plain light grey studio backdrop,neutral
models,f_cauz_20s_slim__013,f_cauz_20s_slim,"photorealistic photograph of a Central Asian woman in her early 20s, slim build, light warm ivory skin, long straight black hair, high cheekbones and a narrow face, wearing a plain grey knit top and black trousers, full body, head to feet, three-quarter view turned to the left, hard directional sunlight, warm beige wall, neutral expression, natural skin texture, visible pores and fine skin detail, realistic fabric drape, shot on 85mm lens, shallow depth of field, photorealistic, unretouched",three-quarter view turned to the left,full body,hard directional sunlight,warm beige wall,neutral
models,f_cauz_20s_slim__014,f_cauz_20s_slim,"photorealistic photograph of a Central Asian woman in her early 20s, slim build, light warm ivory skin, long straight black hair, high cheekbones and a narrow face, wearing a plain olive shirt and dark jeans, full body, head to feet, three-quarter view turned to the right, strong side light, white seamless studio, neutral expression, natural skin texture, visible pores and fine skin detail, realistic fabric drape, shot on 85mm lens, shallow depth of field, photorealistic, unretouched",three-quarter view turned to the right,full body,strong side light,white seamless studio,neutral
models,f_cauz_20s_slim__015,f_cauz_20s_slim,"photorealistic photograph of a Central Asian woman in her early 20s, slim build, light warm ivory skin, long straight black hair, high cheekbones and a narrow face, wearing a plain white t-shirt and dark grey trousers, full body, head to feet, near profile view, rim light from behind, blurred outdoor street, neutral expression, natural skin texture, visible pores and fine skin detail, realistic fabric drape, shot on 85mm lens, shallow depth of field, photorealistic, unretouched",near profile view,full body,rim light from behind,blurred outdoor street,neutral
models,f_cauz_20s_slim__016,f_cauz_20s_slim,"photorealistic photograph of a Central Asian woman in her early 20s, slim build, light warm ivory skin, long straight black hair, high cheekbones and a narrow face, wearing a plain black t-shirt and blue jeans, full body, head to feet, shot from slightly above eye level, soft diffused daylight, blurred plain interior, neutral expression, natural skin texture, visible pores and fine skin detail, realistic fabric drape, shot on 85mm lens, shallow depth of field, photorealistic, unretouched",shot from slightly above eye level,full body,soft diffused daylight,blurred plain interior,neutral
models,f_cauz_20s_slim__017,f_cauz_20s_slim,"photorealistic photograph of a Central Asian woman in her early 20s, slim build, light warm ivory skin, long straight black hair, high cheekbones and a narrow face, wearing a plain navy long-sleeve top and beige trousers, full body, head to feet, shot from slightly below eye level, hard directional sunlight, soft gradient backdrop, neutral expression, natural skin texture, visible pores and fine skin detail, realistic fabric drape, shot on 85mm lens, shallow depth of field, photorealistic, unretouched",shot from slightly below eye level,full body,hard directional sunlight,soft gradient backdrop,neutral
models,f_cauz_20s_slim__018,f_cauz_20s_slim,"photorealistic photograph of a Central Asian woman in her early 20s, slim build, light warm ivory skin, long straight black hair, high cheekbones and a narrow face, wearing a plain grey knit top and black trousers, full body, head to feet, front view, facing camera, strong side light, plain light grey studio backdrop, neutral expression, natural skin texture, visible pores and fine skin detail, realistic fabric drape, shot on 85mm lens, shallow depth of field, photorealistic, unretouched",front view,full body,strong side light,plain light grey studio backdrop,neutral
models,f_cauz_20s_slim__019,f_cauz_20s_slim,"photorealistic photograph of a Central Asian woman in her early 20s, slim build, light warm ivory skin, long straight black hair, high cheekbones and a narrow face, wearing a plain olive shirt and dark jeans, full body, head to feet, three-quarter view turned to the left, rim light from behind, warm beige wall, neutral expression, natural skin texture, visible pores and fine skin detail, realistic fabric drape, shot on 85mm lens, shallow depth of field, photorealistic, unretouched",three-quarter view turned to the left,full body,rim light from behind,warm beige wall,neutral
models,f_cauz_20s_slim__020,f_cauz_20s_slim,"photorealistic photograph of a Central Asian woman in her early 20s, slim build, light warm ivory skin, long straight black hair, high cheekbones and a narrow face, wearing a plain white t-shirt and dark grey trousers, full body, head to feet, three-quarter view turned to the right, soft diffused daylight, white seamless studio, a slight natural smile expression, natural skin texture, visible pores and fine skin detail, realistic fabric drape, shot on 85mm lens, shallow depth of field, photorealistic, unretouched",three-quarter view turned to the right,full body,soft diffused daylight,white seamless studio,a slight natural smile
models,f_cauz_20s_slim__021,f_cauz_20s_slim,"photorealistic photograph of a Central Asian woman in her early 20s, slim build, light warm ivory skin, long straight black hair, high cheekbones and a narrow face, wearing a plain black t-shirt and blue jeans, full body, head to feet, near profile view, hard directional sunlight, blurred outdoor street, a slight natural smile expression, natural skin texture, visible pores and fine skin detail, realistic fabric drape, shot on 85mm lens, shallow depth of field, photorealistic, unretouched",near profile view,full body,hard directional sunlight,blurred outdoor street,a slight natural smile
models,f_cauz_20s_slim__022,f_cauz_20s_slim,"photorealistic photograph of a Central Asian woman in her early 20s, slim build, light warm ivory skin, long straight black hair, high cheekbones and a narrow face, wearing a plain navy long-sleeve top and beige trousers, full body, head to feet, shot from slightly above eye level, strong side light, blurred plain interior, a slight natural smile expression, natural skin texture, visible pores and fine skin detail, realistic fabric drape, shot on 85mm lens, shallow depth of field, photorealistic, unretouched",shot from slightly above eye level,full body,strong side light,blurred plain interior,a slight natural smile
models,f_cauz_20s_slim__023,f_cauz_20s_slim,"photorealistic photograph of a Central Asian woman in her early 20s, slim build, light warm ivory skin, long straight black hair, high cheekbones and a narrow face, wearing a plain grey knit top and black trousers, full body, head to feet, shot from slightly below eye level, rim light from behind, soft gradient backdrop, a slight natural smile expression, natural skin texture, visible pores and fine skin detail, realistic fabric drape, shot on 85mm lens, shallow depth of field, photorealistic, unretouched",shot from slightly below eye level,full body,rim light from behind,soft gradient backdrop,a slight natural smile
models,f_cauz_20s_slim__024,f_cauz_20s_slim,"photorealistic photograph of a Central Asian woman in her early 20s, slim build, light warm ivory skin, long straight black hair, high cheekbones and a narrow face, wearing a plain olive shirt and dark jeans, full body, head to feet, front view, facing camera, soft diffused daylight, plain light grey studio backdrop, a slight natural smile expression, natural skin texture, visible pores and fine skin detail, realistic fabric drape, shot on 85mm lens, shallow depth of field, photorealistic, unretouched",front view,full body,soft diffused daylight,plain light grey studio backdrop,a slight natural smile
models,f_cauz_20s_slim__025,f_cauz_20s_slim,"photorealistic photograph of a Central Asian woman in her early 20s, slim build, light warm ivory skin, long straight black hair, high cheekbones and a narrow face, wearing a plain white t-shirt and dark grey trousers, full body, head to feet, three-quarter view turned to the left, hard directional sunlight, warm beige wall, a slight natural smile expression, natural skin texture, visible pores and fine skin detail, realistic fabric drape, shot on 85mm lens, shallow depth of field, photorealistic, unretouched",three-quarter view turned to the left,full body,hard directional sunlight,warm beige wall,a slight natural smile
models,f_cauz_20s_slim__026,f_cauz_20s_slim,"photorealistic photograph of a Central Asian woman in her early 20s, slim build, light warm ivory skin, long straight black hair, high cheekbones and a narrow face, wearing a plain black t-shirt and blue jeans, full body, head to feet, three-quarter view turned to the right, strong side light, white seamless studio, a slight natural smile expression, natural skin texture, visible pores and fine skin detail, realistic fabric drape, shot on 85mm lens, shallow depth of field, photorealistic, unretouched",three-quarter view turned to the right,full body,strong side light,white seamless studio,a slight natural smile
models,f_cauz_20s_slim__027,f_cauz_20s_slim,"photorealistic photograph of a Central Asian woman in her early 20s, slim build, light warm ivory skin, long straight black hair, high cheekbones and a narrow face, wearing a plain navy long-sleeve top and beige trousers, full body, head to feet, near profile view, rim light from behind, blurred outdoor street, a slight natural smile expression, natural skin texture, visible pores and fine skin detail, realistic fabric drape, shot on 85mm lens, shallow depth of field, photorealistic, unretouched",near profile view,full body,rim light from behind,blurred outdoor street,a slight natural smile
models,f_cauz_20s_slim__028,f_cauz_20s_slim,"photorealistic photograph of a Central Asian woman in her early 20s, slim build, light warm ivory skin, long straight black hair, high cheekbones and a narrow face, wearing a plain grey knit top and black trousers, full body, head to feet, shot from slightly above eye level, soft diffused daylight, blurred plain interior, a slight natural smile expression, natural skin texture, visible pores and fine skin detail, realistic fabric drape, shot on 85mm lens, shallow depth of field, photorealistic, unretouched",shot from slightly above eye level,full body,soft diffused daylight,blurred plain interior,a slight natural smile
models,f_cauz_20s_slim__029,f_cauz_20s_slim,"photorealistic photograph of a Central Asian woman in her early 20s, slim build, light warm ivory skin, long straight black hair, high cheekbones and a narrow face, wearing a plain olive shirt and dark jeans, full body, head to feet, shot from slightly below eye level, hard directional sunlight, soft gradient backdrop, a slight natural smile expression, natural skin texture, visible pores and fine skin detail, realistic fabric drape, shot on 85mm lens, shallow depth of field, photorealistic, unretouched",shot from slightly below eye level,full body,hard directional sunlight,soft gradient backdrop,a slight natural smile
models,f_cauz_20s_avg__000,f_cauz_20s_avg,"photorealistic photograph of a Central Asian woman in her mid 20s, average build, medium olive skin, shoulder-length dark brown hair, a round face and full lips, wearing a plain white t-shirt and dark grey trousers, headshot, front view, facing camera, soft diffused daylight, plain light grey studio backdrop, neutral expression, natural skin texture, visible pores and fine skin detail, realistic fabric drape, shot on 85mm lens, shallow depth of field, photorealistic, unretouched",front view,headshot,soft diffused daylight,plain light grey studio backdrop,neutral
models,f_cauz_20s_avg__001,f_cauz_20s_avg,"photorealistic photograph of a Central Asian woman in her mid 20s, average build, medium olive skin, shoulder-length dark brown hair, a round face and full lips, wearing a plain black t-shirt and blue jeans, headshot, three-quarter view turned to the left, hard directional sunlight, warm beige wall, neutral expression, natural skin texture, visible pores and fine skin detail, realistic fabric drape, shot on 85mm lens, shallow depth of field, photorealistic, unretouched",three-quarter view turned to the left,headshot,hard directional sunlight,warm beige wall,neutral
models,f_cauz_20s_avg__002,f_cauz_20s_avg,"photorealistic photograph of a Central Asian woman in her mid 20s, average build, medium olive skin, shoulder-length dark brown hair, a round face and full lips, wearing a plain navy long-sleeve top and beige trousers, headshot, three-quarter view turned to the right, strong side light, white seamless studio, neutral expression, natural skin texture, visible pores and fine skin detail, realistic fabric drape, shot on 85mm lens, shallow depth of field, photorealistic, unretouched",three-quarter view turned to the right,headshot,strong side light,white seamless studio,neutral
models,f_cauz_20s_avg__003,f_cauz_20s_avg,"photorealistic photograph of a Central Asian woman in her mid 20s, average build, medium olive skin, shoulder-length dark brown hair, a round face and full lips, wearing a plain grey knit top and black trousers, headshot, near profile view, rim light from behind, blurred outdoor street, neutral expression, natural skin texture, visible pores and fine skin detail, realistic fabric drape, shot on 85mm lens, shallow depth of field, photorealistic, unretouched",near profile view,headshot,rim light from behind,blurred outdoor street,neutral
models,f_cauz_20s_avg__004,f_cauz_20s_avg,"photorealistic photograph of a Central Asian woman in her mid 20s, average build, medium olive skin, shoulder-length dark brown hair, a round face and full lips, wearing a plain olive shirt and dark jeans, half body, from the waist up, shot from slightly above eye level, soft diffused daylight, blurred plain interior, neutral expression, natural skin texture, visible pores and fine skin detail, realistic fabric drape, shot on 85mm lens, shallow depth of field, photorealistic, unretouched",shot from slightly above eye level,half body,soft diffused daylight,blurred plain interior,neutral
models,f_cauz_20s_avg__005,f_cauz_20s_avg,"photorealistic photograph of a Central Asian woman in her mid 20s, average build, medium olive skin, shoulder-length dark brown hair, a round face and full lips, wearing a plain white t-shirt and dark grey trousers, half body, from the waist up, shot from slightly below eye level, hard directional sunlight, soft gradient backdrop, neutral expression, natural skin texture, visible pores and fine skin detail, realistic fabric drape, shot on 85mm lens, shallow depth of field, photorealistic, unretouched",shot from slightly below eye level,half body,hard directional sunlight,soft gradient backdrop,neutral
models,f_cauz_20s_avg__006,f_cauz_20s_avg,"photorealistic photograph of a Central Asian woman in her mid 20s, average build, medium olive skin, shoulder-length dark brown hair, a round face and full lips, wearing a plain black t-shirt and blue jeans, half body, from the waist up, front view, facing camera, strong side light, plain light grey studio backdrop, neutral expression, natural skin texture, visible pores and fine skin detail, realistic fabric drape, shot on 85mm lens, shallow depth of field, photorealistic, unretouched",front view,half body,strong side light,plain light grey studio backdrop,neutral
models,f_cauz_20s_avg__007,f_cauz_20s_avg,"photorealistic photograph of a Central Asian woman in her mid 20s, average build, medium olive skin, shoulder-length dark brown hair, a round face and full lips, wearing a plain navy long-sleeve top and beige trousers, half body, from the waist up, three-quarter view turned to the left, rim light from behind, warm beige wall, neutral expression, natural skin texture, visible pores and fine skin detail, realistic fabric drape, shot on 85mm lens, shallow depth of field, photorealistic, unretouched",three-quarter view turned to the left,half body,rim light from behind,warm beige wall,neutral
models,f_cauz_20s_avg__008,f_cauz_20s_avg,"photorealistic photograph of a Central Asian woman in her mid 20s, average build, medium olive skin, shoulder-length dark brown hair, a round face and full lips, wearing a plain grey knit top and black trousers, half body, from the waist up, three-quarter view turned to the right, soft diffused daylight, white seamless studio, neutral expression, natural skin texture, visible pores and fine skin detail, realistic fabric drape, shot on 85mm lens, shallow depth of field, photorealistic, unretouched",three-quarter view turned to the right,half body,soft diffused daylight,white seamless studio,neutral
models,f_cauz_20s_avg__009,f_cauz_20s_avg,"photorealistic photograph of a Central Asian woman in her mid 20s, average build, medium olive skin, shoulder-length dark brown hair, a round face and full lips, wearing a plain olive shirt and dark jeans, half body, from the waist up, near profile view, hard directional sunlight, blurred outdoor street, neutral expression, natural skin texture, visible pores and fine skin detail, realistic fabric drape, shot on 85mm lens, shallow depth of field, photorealistic, unretouched",near profile view,half body,hard directional sunlight,blurred outdoor street,neutral
models,f_cauz_20s_avg__010,f_cauz_20s_avg,"photorealistic photograph of a Central Asian woman in her mid 20s, average build, medium olive skin, shoulder-length dark brown hair, a round face and full lips, wearing a plain white t-shirt and dark grey trousers, half body, from the waist up, shot from slightly above eye level, strong side light, blurred plain interior, neutral expression, natural skin texture, visible pores and fine skin detail, realistic fabric drape, shot on 85mm lens, shallow depth of field, photorealistic, unretouched",shot from slightly above eye level,half body,strong side light,blurred plain interior,neutral
models,f_cauz_20s_avg__011,f_cauz_20s_avg,"photorealistic photograph of a Central Asian woman in her mid 20s, average build, medium olive skin, shoulder-length dark brown hair, a round face and full lips, wearing a plain black t-shirt and blue jeans, half body, from the waist up, shot from slightly below eye level, rim light from behind, soft gradient backdrop, neutral expression, natural skin texture, visible pores and fine skin detail, realistic fabric drape, shot on 85mm lens, shallow depth of field, photorealistic, unretouched",shot from slightly below eye level,half body,rim light from behind,soft gradient backdrop,neutral
models,f_cauz_20s_avg__012,f_cauz_20s_avg,"photorealistic photograph of a Central Asian woman in her mid 20s, average build, medium olive skin, shoulder-length dark brown hair, a round face and full lips, wearing a plain navy long-sleeve top and beige trousers, half body, from the waist up, front view, facing camera, soft diffused daylight, plain light grey studio backdrop, neutral expression, natural skin texture, visible pores and fine skin detail, realistic fabric drape, shot on 85mm lens, shallow depth of field, photorealistic, unretouched",front view,half body,soft diffused daylight,plain light grey studio backdrop,neutral
models,f_cauz_20s_avg__013,f_cauz_20s_avg,"photorealistic photograph of a Central Asian woman in her mid 20s, average build, medium olive skin, shoulder-length dark brown hair, a round face and full lips, wearing a plain grey knit top and black trousers, full body, head to feet, three-quarter view turned to the left, hard directional sunlight, warm beige wall, neutral expression, natural skin texture, visible pores and fine skin detail, realistic fabric drape, shot on 85mm lens, shallow depth of field, photorealistic, unretouched",three-quarter view turned to the left,full body,hard directional sunlight,warm beige wall,neutral
models,f_cauz_20s_avg__014,f_cauz_20s_avg,"photorealistic photograph of a Central Asian woman in her mid 20s, average build, medium olive skin, shoulder-length dark brown hair, a round face and full lips, wearing a plain olive shirt and dark jeans, full body, head to feet, three-quarter view turned to the right, strong side light, white seamless studio, neutral expression, natural skin texture, visible pores and fine skin detail, realistic fabric drape, shot on 85mm lens, shallow depth of field, photorealistic, unretouched",three-quarter view turned to the right,full body,strong side light,white seamless studio,neutral
models,f_cauz_20s_avg__015,f_cauz_20s_avg,"photorealistic photograph of a Central Asian woman in her mid 20s, average build, medium olive skin, shoulder-length dark brown hair, a round face and full lips, wearing a plain white t-shirt and dark grey trousers, full body, head to feet, near profile view, rim light from behind, blurred outdoor street, neutral expression, natural skin texture, visible pores and fine skin detail, realistic fabric drape, shot on 85mm lens, shallow depth of field, photorealistic, unretouched",near profile view,full body,rim light from behind,blurred outdoor street,neutral
models,f_cauz_20s_avg__016,f_cauz_20s_avg,"photorealistic photograph of a Central Asian woman in her mid 20s, average build, medium olive skin, shoulder-length dark brown hair, a round face and full lips, wearing a plain black t-shirt and blue jeans, full body, head to feet, shot from slightly above eye level, soft diffused daylight, blurred plain interior, neutral expression, natural skin texture, visible pores and fine skin detail, realistic fabric drape, shot on 85mm lens, shallow depth of field, photorealistic, unretouched",shot from slightly above eye level,full body,soft diffused daylight,blurred plain interior,neutral
models,f_cauz_20s_avg__017,f_cauz_20s_avg,"photorealistic photograph of a Central Asian woman in her mid 20s, average build, medium olive skin, shoulder-length dark brown hair, a round face and full lips, wearing a plain navy long-sleeve top and beige trousers, full body, head to feet, shot from slightly below eye level, hard directional sunlight, soft gradient backdrop, neutral expression, natural skin texture, visible pores and fine skin detail, realistic fabric drape, shot on 85mm lens, shallow depth of field, photorealistic, unretouched",shot from slightly below eye level,full body,hard directional sunlight,soft gradient backdrop,neutral
models,f_cauz_20s_avg__018,f_cauz_20s_avg,"photorealistic photograph of a Central Asian woman in her mid 20s, average build, medium olive skin, shoulder-length dark brown hair, a round face and full lips, wearing a plain grey knit top and black trousers, full body, head to feet, front view, facing camera, strong side light, plain light grey studio backdrop, neutral expression, natural skin texture, visible pores and fine skin detail, realistic fabric drape, shot on 85mm lens, shallow depth of field, photorealistic, unretouched",front view,full body,strong side light,plain light grey studio backdrop,neutral
models,f_cauz_20s_avg__019,f_cauz_20s_avg,"photorealistic photograph of a Central Asian woman in her mid 20s, average build, medium olive skin, shoulder-length dark brown hair, a round face and full lips, wearing a plain olive shirt and dark jeans, full body, head to feet, three-quarter view turned to the left, rim light from behind, warm beige wall, neutral expression, natural skin texture, visible pores and fine skin detail, realistic fabric drape, shot on 85mm lens, shallow depth of field, photorealistic, unretouched",three-quarter view turned to the left,full body,rim light from behind,warm beige wall,neutral
models,f_cauz_20s_avg__020,f_cauz_20s_avg,"photorealistic photograph of a Central Asian woman in her mid 20s, average build, medium olive skin, shoulder-length dark brown hair, a round face and full lips, wearing a plain white t-shirt and dark grey trousers, full body, head to feet, three-quarter view turned to the right, soft diffused daylight, white seamless studio, a slight natural smile expression, natural skin texture, visible pores and fine skin detail, realistic fabric drape, shot on 85mm lens, shallow depth of field, photorealistic, unretouched",three-quarter view turned to the right,full body,soft diffused daylight,white seamless studio,a slight natural smile
models,f_cauz_20s_avg__021,f_cauz_20s_avg,"photorealistic photograph of a Central Asian woman in her mid 20s, average build, medium olive skin, shoulder-length dark brown hair, a round face and full lips, wearing a plain black t-shirt and blue jeans, full body, head to feet, near profile view, hard directional sunlight, blurred outdoor street, a slight natural smile expression, natural skin texture, visible pores and fine skin detail, realistic fabric drape, shot on 85mm lens, shallow depth of field, photorealistic, unretouched",near profile view,full body,hard directional sunlight,blurred outdoor street,a slight natural smile
models,f_cauz_20s_avg__022,f_cauz_20s_avg,"photorealistic photograph of a Central Asian woman in her mid 20s, average build, medium olive skin, shoulder-length dark brown hair, a round face and full lips, wearing a plain navy long-sleeve top and beige trousers, full body, head to feet, shot from slightly above eye level, strong side light, blurred plain interior, a slight natural smile expression, natural skin texture, visible pores and fine skin detail, realistic fabric drape, shot on 85mm lens, shallow depth of field, photorealistic, unretouched",shot from slightly above eye level,full body,strong side light,blurred plain interior,a slight natural smile
models,f_cauz_20s_avg__023,f_cauz_20s_avg,"photorealistic photograph of a Central Asian woman in her mid 20s, average build, medium olive skin, shoulder-length dark brown hair, a round face and full lips, wearing a plain grey knit top and black trousers, full body, head to feet, shot from slightly below eye level, rim light from behind, soft gradient backdrop, a slight natural smile expression, natural skin texture, visible pores and fine skin detail, realistic fabric drape, shot on 85mm lens, shallow depth of field, photorealistic, unretouched",shot from slightly below eye level,full body,rim light from behind,soft gradient backdrop,a slight natural smile
models,f_cauz_20s_avg__024,f_cauz_20s_avg,"photorealistic photograph of a Central Asian woman in her mid 20s, average build, medium olive skin, shoulder-length dark brown hair, a round face and full lips, wearing a plain olive shirt and dark jeans, full body, head to feet, front view, facing camera, soft diffused daylight, plain light grey studio backdrop, a slight natural smile expression, natural skin texture, visible pores and fine skin detail, realistic fabric drape, shot on 85mm lens, shallow depth of field, photorealistic, unretouched",front view,full body,soft diffused daylight,plain light grey studio backdrop,a slight natural smile
models,f_cauz_20s_avg__025,f_cauz_20s_avg,"photorealistic photograph of a Central Asian woman in her mid 20s, average build, medium olive skin, shoulder-length dark brown hair, a round face and full lips, wearing a plain white t-shirt and dark grey trousers, full body, head to feet, three-quarter view turned to the left, hard directional sunlight, warm beige wall, a slight natural smile expression, natural skin texture, visible pores and fine skin detail, realistic fabric drape, shot on 85mm lens, shallow depth of field, photorealistic, unretouched",three-quarter view turned to the left,full body,hard directional sunlight,warm beige wall,a slight natural smile
models,f_cauz_20s_avg__026,f_cauz_20s_avg,"photorealistic photograph of a Central Asian woman in her mid 20s, average build, medium olive skin, shoulder-length dark brown hair, a round face and full lips, wearing a plain black t-shirt and blue jeans, full body, head to feet, three-quarter view turned to the right, strong side light, white seamless studio, a slight natural smile expression, natural skin texture, visible pores and fine skin detail, realistic fabric drape, shot on 85mm lens, shallow depth of field, photorealistic, unretouched",three-quarter view turned to the right,full body,strong side light,white seamless studio,a slight natural smile
models,f_cauz_20s_avg__027,f_cauz_20s_avg,"photorealistic photograph of a Central Asian woman in her mid 20s, average build, medium olive skin, shoulder-length dark brown hair, a round face and full lips, wearing a plain navy long-sleeve top and beige trousers, full body, head to feet, near profile view, rim light from behind, blurred outdoor street, a slight natural smile expression, natural skin texture, visible pores and fine skin detail, realistic fabric drape, shot on 85mm lens, shallow depth of field, photorealistic, unretouched",near profile view,full body,rim light from behind,blurred outdoor street,a slight natural smile
models,f_cauz_20s_avg__028,f_cauz_20s_avg,"photorealistic photograph of a Central Asian woman in her mid 20s, average build, medium olive skin, shoulder-length dark brown hair, a round face and full lips, wearing a plain grey knit top and black trousers, full body, head to feet, shot from slightly above eye level, soft diffused daylight, blurred plain interior, a slight natural smile expression, natural skin texture, visible pores and fine skin detail, realistic fabric drape, shot on 85mm lens, shallow depth of field, photorealistic, unretouched",shot from slightly above eye level,full body,soft diffused daylight,blurred plain interior,a slight natural smile
models,f_cauz_20s_avg__029,f_cauz_20s_avg,"photorealistic photograph of a Central Asian woman in her mid 20s, average build, medium olive skin, shoulder-length dark brown hair, a round face and full lips, wearing a plain olive shirt and dark jeans, full body, head to feet, shot from slightly below eye level, hard directional sunlight, soft gradient backdrop, a slight natural smile expression, natural skin texture, visible pores and fine skin detail, realistic fabric drape, shot on 85mm lens, shallow depth of field, photorealistic, unretouched",shot from slightly below eye level,full body,hard directional sunlight,soft gradient backdrop,a slight natural smile
models,f_cauz_30s_avg__000,f_cauz_30s_avg,"photorealistic photograph of a Central Asian woman in her early 30s, average build, tan golden skin, dark chestnut hair in a low bun, a strong jaw and arched brows, wearing a plain white t-shirt and dark grey trousers, headshot, front view, facing camera, soft diffused daylight, plain light grey studio backdrop, neutral expression, natural skin texture, visible pores and fine skin detail, realistic fabric drape, shot on 85mm lens, shallow depth of field, photorealistic, unretouched",front view,headshot,soft diffused daylight,plain light grey studio backdrop,neutral
models,f_cauz_30s_avg__001,f_cauz_30s_avg,"photorealistic photograph of a Central Asian woman in her early 30s, average build, tan golden skin, dark chestnut hair in a low bun, a strong jaw and arched brows, wearing a plain black t-shirt and blue jeans, headshot, three-quarter view turned to the left, hard directional sunlight, warm beige wall, neutral expression, natural skin texture, visible pores and fine skin detail, realistic fabric drape, shot on 85mm lens, shallow depth of field, photorealistic, unretouched",three-quarter view turned to the left,headshot,hard directional sunlight,warm beige wall,neutral
models,f_cauz_30s_avg__002,f_cauz_30s_avg,"photorealistic photograph of a Central Asian woman in her early 30s, average build, tan golden skin, dark chestnut hair in a low bun, a strong jaw and arched brows, wearing a plain navy long-sleeve top and beige trousers, headshot, three-quarter view turned to the right, strong side light, white seamless studio, neutral expression, natural skin texture, visible pores and fine skin detail, realistic fabric drape, shot on 85mm lens, shallow depth of field, photorealistic, unretouched",three-quarter view turned to the right,headshot,strong side light,white seamless studio,neutral
models,f_cauz_30s_avg__003,f_cauz_30s_avg,"photorealistic photograph of a Central Asian woman in her early 30s, average build, tan golden skin, dark chestnut hair in a low bun, a strong jaw and arched brows, wearing a plain grey knit top and black trousers, headshot, near profile view, rim light from behind, blurred outdoor street, neutral expression, natural skin texture, visible pores and fine skin detail, realistic fabric drape, shot on 85mm lens, shallow depth of field, photorealistic, unretouched",near profile view,headshot,rim light from behind,blurred outdoor street,neutral
models,f_cauz_30s_avg__004,f_cauz_30s_avg,"photorealistic photograph of a Central Asian woman in her early 30s, average build, tan golden skin, dark chestnut hair in a low bun, a strong jaw and arched brows, wearing a plain olive shirt and dark jeans, half body, from the waist up, shot from slightly above eye level, soft diffused daylight, blurred plain interior, neutral expression, natural skin texture, visible pores and fine skin detail, realistic fabric drape, shot on 85mm lens, shallow depth of field, photorealistic, unretouched",shot from slightly above eye level,half body,soft diffused daylight,blurred plain interior,neutral
models,f_cauz_30s_avg__005,f_cauz_30s_avg,"photorealistic photograph of a Central Asian woman in her early 30s, average build, tan golden skin, dark chestnut hair in a low bun, a strong jaw and arched brows, wearing a plain white t-shirt and dark grey trousers, half body, from the waist up, shot from slightly below eye level, hard directional sunlight, soft gradient backdrop, neutral expression, natural skin texture, visible pores and fine skin detail, realistic fabric drape, shot on 85mm lens, shallow depth of field, photorealistic, unretouched",shot from slightly below eye level,half body,hard directional sunlight,soft gradient backdrop,neutral
models,f_cauz_30s_avg__006,f_cauz_30s_avg,"photorealistic photograph of a Central Asian woman in her early 30s, average build, tan golden skin, dark chestnut hair in a low bun, a strong jaw and arched brows, wearing a plain black t-shirt and blue jeans, half body, from the waist up, front view, facing camera, strong side light, plain light grey studio backdrop, neutral expression, natural skin texture, visible pores and fine skin detail, realistic fabric drape, shot on 85mm lens, shallow depth of field, photorealistic, unretouched",front view,half body,strong side light,plain light grey studio backdrop,neutral
models,f_cauz_30s_avg__007,f_cauz_30s_avg,"photorealistic photograph of a Central Asian woman in her early 30s, average build, tan golden skin, dark chestnut hair in a low bun, a strong jaw and arched brows, wearing a plain navy long-sleeve top and beige trousers, half body, from the waist up, three-quarter view turned to the left, rim light from behind, warm beige wall, neutral expression, natural skin texture, visible pores and fine skin detail, realistic fabric drape, shot on 85mm lens, shallow depth of field, photorealistic, unretouched",three-quarter view turned to the left,half body,rim light from behind,warm beige wall,neutral
models,f_cauz_30s_avg__008,f_cauz_30s_avg,"photorealistic photograph of a Central Asian woman in her early 30s, average build, tan golden skin, dark chestnut hair in a low bun, a strong jaw and arched brows, wearing a plain grey knit top and black trousers, half body, from the waist up, three-quarter view turned to the right, soft diffused daylight, white seamless studio, neutral expression, natural skin texture, visible pores and fine skin detail, realistic fabric drape, shot on 85mm lens, shallow depth of field, photorealistic, unretouched",three-quarter view turned to the right,half body,soft diffused daylight,white seamless studio,neutral
models,f_cauz_30s_avg__009,f_cauz_30s_avg,"photorealistic photograph of a Central Asian woman in her early 30s, average build, tan golden skin, dark chestnut hair in a low bun, a strong jaw and arched brows, wearing a plain olive shirt and dark jeans, half body, from the waist up, near profile view, hard directional sunlight, blurred outdoor street, neutral expression, natural skin texture, visible pores and fine skin detail, realistic fabric drape, shot on 85mm lens, shallow depth of field, photorealistic, unretouched",near profile view,half body,hard directional sunlight,blurred outdoor street,neutral
models,f_cauz_30s_avg__010,f_cauz_30s_avg,"photorealistic photograph of a Central Asian woman in her early 30s, average build, tan golden skin, dark chestnut hair in a low bun, a strong jaw and arched brows, wearing a plain white t-shirt and dark grey trousers, half body, from the waist up, shot from slightly above eye level, strong side light, blurred plain interior, neutral expression, natural skin texture, visible pores and fine skin detail, realistic fabric drape, shot on 85mm lens, shallow depth of field, photorealistic, unretouched",shot from slightly above eye level,half body,strong side light,blurred plain interior,neutral
models,f_cauz_30s_avg__011,f_cauz_30s_avg,"photorealistic photograph of a Central Asian woman in her early 30s, average build, tan golden skin, dark chestnut hair in a low bun, a strong jaw and arched brows, wearing a plain black t-shirt and blue jeans, half body, from the waist up, shot from slightly below eye level, rim light from behind, soft gradient backdrop, neutral expression, natural skin texture, visible pores and fine skin detail, realistic fabric drape, shot on 85mm lens, shallow depth of field, photorealistic, unretouched",shot from slightly below eye level,half body,rim light from behind,soft gradient backdrop,neutral
models,f_cauz_30s_avg__012,f_cauz_30s_avg,"photorealistic photograph of a Central Asian woman in her early 30s, average build, tan golden skin, dark chestnut hair in a low bun, a strong jaw and arched brows, wearing a plain navy long-sleeve top and beige trousers, half body, from the waist up, front view, facing camera, soft diffused daylight, plain light grey studio backdrop, neutral expression, natural skin texture, visible pores and fine skin detail, realistic fabric drape, shot on 85mm lens, shallow depth of field, photorealistic, unretouched",front view,half body,soft diffused daylight,plain light grey studio backdrop,neutral
models,f_cauz_30s_avg__013,f_cauz_30s_avg,"photorealistic photograph of a Central Asian woman in her early 30s, average build, tan golden skin, dark chestnut hair in a low bun, a strong jaw and arched brows, wearing a plain grey knit top and black trousers, full body, head to feet, three-quarter view turned to the left, hard directional sunlight, warm beige wall, neutral expression, natural skin texture, visible pores and fine skin detail, realistic fabric drape, shot on 85mm lens, shallow depth of field, photorealistic, unretouched",three-quarter view turned to the left,full body,hard directional sunlight,warm beige wall,neutral
models,f_cauz_30s_avg__014,f_cauz_30s_avg,"photorealistic photograph of a Central Asian woman in her early 30s, average build, tan golden skin, dark chestnut hair in a low bun, a strong jaw and arched brows, wearing a plain olive shirt and dark jeans, full body, head to feet, three-quarter view turned to the right, strong side light, white seamless studio, neutral expression, natural skin texture, visible pores and fine skin detail, realistic fabric drape, shot on 85mm lens, shallow depth of field, photorealistic, unretouched",three-quarter view turned to the right,full body,strong side light,white seamless studio,neutral
models,f_cauz_30s_avg__015,f_cauz_30s_avg,"photorealistic photograph of a Central Asian woman in her early 30s, average build, tan golden skin, dark chestnut hair in a low bun, a strong jaw and arched brows, wearing a plain white t-shirt and dark grey trousers, full body, head to feet, near profile view, rim light from behind, blurred outdoor street, neutral expression, natural skin texture, visible pores and fine skin detail, realistic fabric drape, shot on 85mm lens, shallow depth of field, photorealistic, unretouched",near profile view,full body,rim light from behind,blurred outdoor street,neutral
models,f_cauz_30s_avg__016,f_cauz_30s_avg,"photorealistic photograph of a Central Asian woman in her early 30s, average build, tan golden skin, dark chestnut hair in a low bun, a strong jaw and arched brows, wearing a plain black t-shirt and blue jeans, full body, head to feet, shot from slightly above eye level, soft diffused daylight, blurred plain interior, neutral expression, natural skin texture, visible pores and fine skin detail, realistic fabric drape, shot on 85mm lens, shallow depth of field, photorealistic, unretouched",shot from slightly above eye level,full body,soft diffused daylight,blurred plain interior,neutral
models,f_cauz_30s_avg__017,f_cauz_30s_avg,"photorealistic photograph of a Central Asian woman in her early 30s, average build, tan golden skin, dark chestnut hair in a low bun, a strong jaw and arched brows, wearing a plain navy long-sleeve top and beige trousers, full body, head to feet, shot from slightly below eye level, hard directional sunlight, soft gradient backdrop, neutral expression, natural skin texture, visible pores and fine skin detail, realistic fabric drape, shot on 85mm lens, shallow depth of field, photorealistic, unretouched",shot from slightly below eye level,full body,hard directional sunlight,soft gradient backdrop,neutral
models,f_cauz_30s_avg__018,f_cauz_30s_avg,"photorealistic photograph of a Central Asian woman in her early 30s, average build, tan golden skin, dark chestnut hair in a low bun, a strong jaw and arched brows, wearing a plain grey knit top and black trousers, full body, head to feet, front view, facing camera, strong side light, plain light grey studio backdrop, neutral expression, natural skin texture, visible pores and fine skin detail, realistic fabric drape, shot on 85mm lens, shallow depth of field, photorealistic, unretouched",front view,full body,strong side light,plain light grey studio backdrop,neutral
models,f_cauz_30s_avg__019,f_cauz_30s_avg,"photorealistic photograph of a Central Asian woman in her early 30s, average build, tan golden skin, dark chestnut hair in a low bun, a strong jaw and arched brows, wearing a plain olive shirt and dark jeans, full body, head to feet, three-quarter view turned to the left, rim light from behind, warm beige wall, neutral expression, natural skin texture, visible pores and fine skin detail, realistic fabric drape, shot on 85mm lens, shallow depth of field, photorealistic, unretouched",three-quarter view turned to the left,full body,rim light from behind,warm beige wall,neutral
models,f_cauz_30s_avg__020,f_cauz_30s_avg,"photorealistic photograph of a Central Asian woman in her early 30s, average build, tan golden skin, dark chestnut hair in a low bun, a strong jaw and arched brows, wearing a plain white t-shirt and dark grey trousers, full body, head to feet, three-quarter view turned to the right, soft diffused daylight, white seamless studio, a slight natural smile expression, natural skin texture, visible pores and fine skin detail, realistic fabric drape, shot on 85mm lens, shallow depth of field, photorealistic, unretouched",three-quarter view turned to the right,full body,soft diffused daylight,white seamless studio,a slight natural smile
models,f_cauz_30s_avg__021,f_cauz_30s_avg,"photorealistic photograph of a Central Asian woman in her early 30s, average build, tan golden skin, dark chestnut hair in a low bun, a strong jaw and arched brows, wearing a plain black t-shirt and blue jeans, full body, head to feet, near profile view, hard directional sunlight, blurred outdoor street, a slight natural smile expression, natural skin texture, visible pores and fine skin detail, realistic fabric drape, shot on 85mm lens, shallow depth of field, photorealistic, unretouched",near profile view,full body,hard directional sunlight,blurred outdoor street,a slight natural smile
models,f_cauz_30s_avg__022,f_cauz_30s_avg,"photorealistic photograph of a Central Asian woman in her early 30s, average build, tan golden skin, dark chestnut hair in a low bun, a strong jaw and arched brows, wearing a plain navy long-sleeve top and beige trousers, full body, head to feet, shot from slightly above eye level, strong side light, blurred plain interior, a slight natural smile expression, natural skin texture, visible pores and fine skin detail, realistic fabric drape, shot on 85mm lens, shallow depth of field, photorealistic, unretouched",shot from slightly above eye level,full body,strong side light,blurred plain interior,a slight natural smile
models,f_cauz_30s_avg__023,f_cauz_30s_avg,"photorealistic photograph of a Central Asian woman in her early 30s, average build, tan golden skin, dark chestnut hair in a low bun, a strong jaw and arched brows, wearing a plain grey knit top and black trousers, full body, head to feet, shot from slightly below eye level, rim light from behind, soft gradient backdrop, a slight natural smile expression, natural skin texture, visible pores and fine skin detail, realistic fabric drape, shot on 85mm lens, shallow depth of field, photorealistic, unretouched",shot from slightly below eye level,full body,rim light from behind,soft gradient backdrop,a slight natural smile
models,f_cauz_30s_avg__024,f_cauz_30s_avg,"photorealistic photograph of a Central Asian woman in her early 30s, average build, tan golden skin, dark chestnut hair in a low bun, a strong jaw and arched brows, wearing a plain olive shirt and dark jeans, full body, head to feet, front view, facing camera, soft diffused daylight, plain light grey studio backdrop, a slight natural smile expression, natural skin texture, visible pores and fine skin detail, realistic fabric drape, shot on 85mm lens, shallow depth of field, photorealistic, unretouched",front view,full body,soft diffused daylight,plain light grey studio backdrop,a slight natural smile
models,f_cauz_30s_avg__025,f_cauz_30s_avg,"photorealistic photograph of a Central Asian woman in her early 30s, average build, tan golden skin, dark chestnut hair in a low bun, a strong jaw and arched brows, wearing a plain white t-shirt and dark grey trousers, full body, head to feet, three-quarter view turned to the left, hard directional sunlight, warm beige wall, a slight natural smile expression, natural skin texture, visible pores and fine skin detail, realistic fabric drape, shot on 85mm lens, shallow depth of field, photorealistic, unretouched",three-quarter view turned to the left,full body,hard directional sunlight,warm beige wall,a slight natural smile
models,f_cauz_30s_avg__026,f_cauz_30s_avg,"photorealistic photograph of a Central Asian woman in her early 30s, average build, tan golden skin, dark chestnut hair in a low bun, a strong jaw and arched brows, wearing a plain black t-shirt and blue jeans, full body, head to feet, three-quarter view turned to the right, strong side light, white seamless studio, a slight natural smile expression, natural skin texture, visible pores and fine skin detail, realistic fabric drape, shot on 85mm lens, shallow depth of field, photorealistic, unretouched",three-quarter view turned to the right,full body,strong side light,white seamless studio,a slight natural smile
models,f_cauz_30s_avg__027,f_cauz_30s_avg,"photorealistic photograph of a Central Asian woman in her early 30s, average build, tan golden skin, dark chestnut hair in a low bun, a strong jaw and arched brows, wearing a plain navy long-sleeve top and beige trousers, full body, head to feet, near profile view, rim light from behind, blurred outdoor street, a slight natural smile expression, natural skin texture, visible pores and fine skin detail, realistic fabric drape, shot on 85mm lens, shallow depth of field, photorealistic, unretouched",near profile view,full body,rim light from behind,blurred outdoor street,a slight natural smile
models,f_cauz_30s_avg__028,f_cauz_30s_avg,"photorealistic photograph of a Central Asian woman in her early 30s, average build, tan golden skin, dark chestnut hair in a low bun, a strong jaw and arched brows, wearing a plain grey knit top and black trousers, full body, head to feet, shot from slightly above eye level, soft diffused daylight, blurred plain interior, a slight natural smile expression, natural skin texture, visible pores and fine skin detail, realistic fabric drape, shot on 85mm lens, shallow depth of field, photorealistic, unretouched",shot from slightly above eye level,full body,soft diffused daylight,blurred plain interior,a slight natural smile
models,f_cauz_30s_avg__029,f_cauz_30s_avg,"photorealistic photograph of a Central Asian woman in her early 30s, average build, tan golden skin, dark chestnut hair in a low bun, a strong jaw and arched brows, wearing a plain olive shirt and dark jeans, full body, head to feet, shot from slightly below eye level, hard directional sunlight, soft gradient backdrop, a slight natural smile expression, natural skin texture, visible pores and fine skin detail, realistic fabric drape, shot on 85mm lens, shallow depth of field, photorealistic, unretouched",shot from slightly below eye level,full body,hard directional sunlight,soft gradient backdrop,a slight natural smile
models,f_cauz_40s_full__000,f_cauz_40s_full,"photorealistic photograph of a Central Asian woman in her late 30s, fuller build, warm beige skin, short bobbed black hair, a soft oval face and wide-set eyes, wearing a plain white t-shirt and dark grey trousers, headshot, front view, facing camera, soft diffused daylight, plain light grey studio backdrop, neutral expression, natural skin texture, visible pores and fine skin detail, realistic fabric drape, shot on 85mm lens, shallow depth of field, photorealistic, unretouched",front view,headshot,soft diffused daylight,plain light grey studio backdrop,neutral
models,f_cauz_40s_full__001,f_cauz_40s_full,"photorealistic photograph of a Central Asian woman in her late 30s, fuller build, warm beige skin, short bobbed black hair, a soft oval face and wide-set eyes, wearing a plain black t-shirt and blue jeans, headshot, three-quarter view turned to the left, hard directional sunlight, warm beige wall, neutral expression, natural skin texture, visible pores and fine skin detail, realistic fabric drape, shot on 85mm lens, shallow depth of field, photorealistic, unretouched",three-quarter view turned to the left,headshot,hard directional sunlight,warm beige wall,neutral
models,f_cauz_40s_full__002,f_cauz_40s_full,"photorealistic photograph of a Central Asian woman in her late 30s, fuller build, warm beige skin, short bobbed black hair, a soft oval face and wide-set eyes, wearing a plain navy long-sleeve top and beige trousers, headshot, three-quarter view turned to the right, strong side light, white seamless studio, neutral expression, natural skin texture, visible pores and fine skin detail, realistic fabric drape, shot on 85mm lens, shallow depth of field, photorealistic, unretouched",three-quarter view turned to the right,headshot,strong side light,white seamless studio,neutral
models,f_cauz_40s_full__003,f_cauz_40s_full,"photorealistic photograph of a Central Asian woman in her late 30s, fuller build, warm beige skin, short bobbed black hair, a soft oval face and wide-set eyes, wearing a plain grey knit top and black trousers, headshot, near profile view, rim light from behind, blurred outdoor street, neutral expression, natural skin texture, visible pores and fine skin detail, realistic fabric drape, shot on 85mm lens, shallow depth of field, photorealistic, unretouched",near profile view,headshot,rim light from behind,blurred outdoor street,neutral
models,f_cauz_40s_full__004,f_cauz_40s_full,"photorealistic photograph of a Central Asian woman in her late 30s, fuller build, warm beige skin, short bobbed black hair, a soft oval face and wide-set eyes, wearing a plain olive shirt and dark jeans, half body, from the waist up, shot from slightly above eye level, soft diffused daylight, blurred plain interior, neutral expression, natural skin texture, visible pores and fine skin detail, realistic fabric drape, shot on 85mm lens, shallow depth of field, photorealistic, unretouched",shot from slightly above eye level,half body,soft diffused daylight,blurred plain interior,neutral
models,f_cauz_40s_full__005,f_cauz_40s_full,"photorealistic photograph of a Central Asian woman in her late 30s, fuller build, warm beige skin, short bobbed black hair, a soft oval face and wide-set eyes, wearing a plain white t-shirt and dark grey trousers, half body, from the waist up, shot from slightly below eye level, hard directional sunlight, soft gradient backdrop, neutral expression, natural skin texture, visible pores and fine skin detail, realistic fabric drape, shot on 85mm lens, shallow depth of field, photorealistic, unretouched",shot from slightly below eye level,half body,hard directional sunlight,soft gradient backdrop,neutral
models,f_cauz_40s_full__006,f_cauz_40s_full,"photorealistic photograph of a Central Asian woman in her late 30s, fuller build, warm beige skin, short bobbed black hair, a soft oval face and wide-set eyes, wearing a plain black t-shirt and blue jeans, half body, from the waist up, front view, facing camera, strong side light, plain light grey studio backdrop, neutral expression, natural skin texture, visible pores and fine skin detail, realistic fabric drape, shot on 85mm lens, shallow depth of field, photorealistic, unretouched",front view,half body,strong side light,plain light grey studio backdrop,neutral
models,f_cauz_40s_full__007,f_cauz_40s_full,"photorealistic photograph of a Central Asian woman in her late 30s, fuller build, warm beige skin, short bobbed black hair, a soft oval face and wide-set eyes, wearing a plain navy long-sleeve top and beige trousers, half body, from the waist up, three-quarter view turned to the left, rim light from behind, warm beige wall, neutral expression, natural skin texture, visible pores and fine skin detail, realistic fabric drape, shot on 85mm lens, shallow depth of field, photorealistic, unretouched",three-quarter view turned to the left,half body,rim light from behind,warm beige wall,neutral
models,f_cauz_40s_full__008,f_cauz_40s_full,"photorealistic photograph of a Central Asian woman in her late 30s, fuller build, warm beige skin, short bobbed black hair, a soft oval face and wide-set eyes, wearing a plain grey knit top and black trousers, half body, from the waist up, three-quarter view turned to the right, soft diffused daylight, white seamless studio, neutral expression, natural skin texture, visible pores and fine skin detail, realistic fabric drape, shot on 85mm lens, shallow depth of field, photorealistic, unretouched",three-quarter view turned to the right,half body,soft diffused daylight,white seamless studio,neutral
models,f_cauz_40s_full__009,f_cauz_40s_full,"photorealistic photograph of a Central Asian woman in her late 30s, fuller build, warm beige skin, short bobbed black hair, a soft oval face and wide-set eyes, wearing a plain olive shirt and dark jeans, half body, from the waist up, near profile view, hard directional sunlight, blurred outdoor street, neutral expression, natural skin texture, visible pores and fine skin detail, realistic fabric drape, shot on 85mm lens, shallow depth of field, photorealistic, unretouched",near profile view,half body,hard directional sunlight,blurred outdoor street,neutral
models,f_cauz_40s_full__010,f_cauz_40s_full,"photorealistic photograph of a Central Asian woman in her late 30s, fuller build, warm beige skin, short bobbed black hair, a soft oval face and wide-set eyes, wearing a plain white t-shirt and dark grey trousers, half body, from the waist up, shot from slightly above eye level, strong side light, blurred plain interior, neutral expression, natural skin texture, visible pores and fine skin detail, realistic fabric drape, shot on 85mm lens, shallow depth of field, photorealistic, unretouched",shot from slightly above eye level,half body,strong side light,blurred plain interior,neutral
models,f_cauz_40s_full__011,f_cauz_40s_full,"photorealistic photograph of a Central Asian woman in her late 30s, fuller build, warm beige skin, short bobbed black hair, a soft oval face and wide-set eyes, wearing a plain black t-shirt and blue jeans, half body, from the waist up, shot from slightly below eye level, rim light from behind, soft gradient backdrop, neutral expression, natural skin texture, visible pores and fine skin detail, realistic fabric drape, shot on 85mm lens, shallow depth of field, photorealistic, unretouched",shot from slightly below eye level,half body,rim light from behind,soft gradient backdrop,neutral
models,f_cauz_40s_full__012,f_cauz_40s_full,"photorealistic photograph of a Central Asian woman in her late 30s, fuller build, warm beige skin, short bobbed black hair, a soft oval face and wide-set eyes, wearing a plain navy long-sleeve top and beige trousers, half body, from the waist up, front view, facing camera, soft diffused daylight, plain light grey studio backdrop, neutral expression, natural skin texture, visible pores and fine skin detail, realistic fabric drape, shot on 85mm lens, shallow depth of field, photorealistic, unretouched",front view,half body,soft diffused daylight,plain light grey studio backdrop,neutral
models,f_cauz_40s_full__013,f_cauz_40s_full,"photorealistic photograph of a Central Asian woman in her late 30s, fuller build, warm beige skin, short bobbed black hair, a soft oval face and wide-set eyes, wearing a plain grey knit top and black trousers, full body, head to feet, three-quarter view turned to the left, hard directional sunlight, warm beige wall, neutral expression, natural skin texture, visible pores and fine skin detail, realistic fabric drape, shot on 85mm lens, shallow depth of field, photorealistic, unretouched",three-quarter view turned to the left,full body,hard directional sunlight,warm beige wall,neutral
models,f_cauz_40s_full__014,f_cauz_40s_full,"photorealistic photograph of a Central Asian woman in her late 30s, fuller build, warm beige skin, short bobbed black hair, a soft oval face and wide-set eyes, wearing a plain olive shirt and dark jeans, full body, head to feet, three-quarter view turned to the right, strong side light, white seamless studio, neutral expression, natural skin texture, visible pores and fine skin detail, realistic fabric drape, shot on 85mm lens, shallow depth of field, photorealistic, unretouched",three-quarter view turned to the right,full body,strong side light,white seamless studio,neutral
models,f_cauz_40s_full__015,f_cauz_40s_full,"photorealistic photograph of a Central Asian woman in her late 30s, fuller build, warm beige skin, short bobbed black hair, a soft oval face and wide-set eyes, wearing a plain white t-shirt and dark grey trousers, full body, head to feet, near profile view, rim light from behind, blurred outdoor street, neutral expression, natural skin texture, visible pores and fine skin detail, realistic fabric drape, shot on 85mm lens, shallow depth of field, photorealistic, unretouched",near profile view,full body,rim light from behind,blurred outdoor street,neutral
models,f_cauz_40s_full__016,f_cauz_40s_full,"photorealistic photograph of a Central Asian woman in her late 30s, fuller build, warm beige skin, short bobbed black hair, a soft oval face and wide-set eyes, wearing a plain black t-shirt and blue jeans, full body, head to feet, shot from slightly above eye level, soft diffused daylight, blurred plain interior, neutral expression, natural skin texture, visible pores and fine skin detail, realistic fabric drape, shot on 85mm lens, shallow depth of field, photorealistic, unretouched",shot from slightly above eye level,full body,soft diffused daylight,blurred plain interior,neutral
models,f_cauz_40s_full__017,f_cauz_40s_full,"photorealistic photograph of a Central Asian woman in her late 30s, fuller build, warm beige skin, short bobbed black hair, a soft oval face and wide-set eyes, wearing a plain navy long-sleeve top and beige trousers, full body, head to feet, shot from slightly below eye level, hard directional sunlight, soft gradient backdrop, neutral expression, natural skin texture, visible pores and fine skin detail, realistic fabric drape, shot on 85mm lens, shallow depth of field, photorealistic, unretouched",shot from slightly below eye level,full body,hard directional sunlight,soft gradient backdrop,neutral
models,f_cauz_40s_full__018,f_cauz_40s_full,"photorealistic photograph of a Central Asian woman in her late 30s, fuller build, warm beige skin, short bobbed black hair, a soft oval face and wide-set eyes, wearing a plain grey knit top and black trousers, full body, head to feet, front view, facing camera, strong side light, plain light grey studio backdrop, neutral expression, natural skin texture, visible pores and fine skin detail, realistic fabric drape, shot on 85mm lens, shallow depth of field, photorealistic, unretouched",front view,full body,strong side light,plain light grey studio backdrop,neutral
models,f_cauz_40s_full__019,f_cauz_40s_full,"photorealistic photograph of a Central Asian woman in her late 30s, fuller build, warm beige skin, short bobbed black hair, a soft oval face and wide-set eyes, wearing a plain olive shirt and dark jeans, full body, head to feet, three-quarter view turned to the left, rim light from behind, warm beige wall, neutral expression, natural skin texture, visible pores and fine skin detail, realistic fabric drape, shot on 85mm lens, shallow depth of field, photorealistic, unretouched",three-quarter view turned to the left,full body,rim light from behind,warm beige wall,neutral
models,f_cauz_40s_full__020,f_cauz_40s_full,"photorealistic photograph of a Central Asian woman in her late 30s, fuller build, warm beige skin, short bobbed black hair, a soft oval face and wide-set eyes, wearing a plain white t-shirt and dark grey trousers, full body, head to feet, three-quarter view turned to the right, soft diffused daylight, white seamless studio, a slight natural smile expression, natural skin texture, visible pores and fine skin detail, realistic fabric drape, shot on 85mm lens, shallow depth of field, photorealistic, unretouched",three-quarter view turned to the right,full body,soft diffused daylight,white seamless studio,a slight natural smile
models,f_cauz_40s_full__021,f_cauz_40s_full,"photorealistic photograph of a Central Asian woman in her late 30s, fuller build, warm beige skin, short bobbed black hair, a soft oval face and wide-set eyes, wearing a plain black t-shirt and blue jeans, full body, head to feet, near profile view, hard directional sunlight, blurred outdoor street, a slight natural smile expression, natural skin texture, visible pores and fine skin detail, realistic fabric drape, shot on 85mm lens, shallow depth of field, photorealistic, unretouched",near profile view,full body,hard directional sunlight,blurred outdoor street,a slight natural smile
models,f_cauz_40s_full__022,f_cauz_40s_full,"photorealistic photograph of a Central Asian woman in her late 30s, fuller build, warm beige skin, short bobbed black hair, a soft oval face and wide-set eyes, wearing a plain navy long-sleeve top and beige trousers, full body, head to feet, shot from slightly above eye level, strong side light, blurred plain interior, a slight natural smile expression, natural skin texture, visible pores and fine skin detail, realistic fabric drape, shot on 85mm lens, shallow depth of field, photorealistic, unretouched",shot from slightly above eye level,full body,strong side light,blurred plain interior,a slight natural smile
models,f_cauz_40s_full__023,f_cauz_40s_full,"photorealistic photograph of a Central Asian woman in her late 30s, fuller build, warm beige skin, short bobbed black hair, a soft oval face and wide-set eyes, wearing a plain grey knit top and black trousers, full body, head to feet, shot from slightly below eye level, rim light from behind, soft gradient backdrop, a slight natural smile expression, natural skin texture, visible pores and fine skin detail, realistic fabric drape, shot on 85mm lens, shallow depth of field, photorealistic, unretouched",shot from slightly below eye level,full body,rim light from behind,soft gradient backdrop,a slight natural smile
models,f_cauz_40s_full__024,f_cauz_40s_full,"photorealistic photograph of a Central Asian woman in her late 30s, fuller build, warm beige skin, short bobbed black hair, a soft oval face and wide-set eyes, wearing a plain olive shirt and dark jeans, full body, head to feet, front view, facing camera, soft diffused daylight, plain light grey studio backdrop, a slight natural smile expression, natural skin texture, visible pores and fine skin detail, realistic fabric drape, shot on 85mm lens, shallow depth of field, photorealistic, unretouched",front view,full body,soft diffused daylight,plain light grey studio backdrop,a slight natural smile
models,f_cauz_40s_full__025,f_cauz_40s_full,"photorealistic photograph of a Central Asian woman in her late 30s, fuller build, warm beige skin, short bobbed black hair, a soft oval face and wide-set eyes, wearing a plain white t-shirt and dark grey trousers, full body, head to feet, three-quarter view turned to the left, hard directional sunlight, warm beige wall, a slight natural smile expression, natural skin texture, visible pores and fine skin detail, realistic fabric drape, shot on 85mm lens, shallow depth of field, photorealistic, unretouched",three-quarter view turned to the left,full body,hard directional sunlight,warm beige wall,a slight natural smile
models,f_cauz_40s_full__026,f_cauz_40s_full,"photorealistic photograph of a Central Asian woman in her late 30s, fuller build, warm beige skin, short bobbed black hair, a soft oval face and wide-set eyes, wearing a plain black t-shirt and blue jeans, full body, head to feet, three-quarter view turned to the right, strong side light, white seamless studio, a slight natural smile expression, natural skin texture, visible pores and fine skin detail, realistic fabric drape, shot on 85mm lens, shallow depth of field, photorealistic, unretouched",three-quarter view turned to the right,full body,strong side light,white seamless studio,a slight natural smile
models,f_cauz_40s_full__027,f_cauz_40s_full,"photorealistic photograph of a Central Asian woman in her late 30s, fuller build, warm beige skin, short bobbed black hair, a soft oval face and wide-set eyes, wearing a plain navy long-sleeve top and beige trousers, full body, head to feet, near profile view, rim light from behind, blurred outdoor street, a slight natural smile expression, natural skin texture, visible pores and fine skin detail, realistic fabric drape, shot on 85mm lens, shallow depth of field, photorealistic, unretouched",near profile view,full body,rim light from behind,blurred outdoor street,a slight natural smile
models,f_cauz_40s_full__028,f_cauz_40s_full,"photorealistic photograph of a Central Asian woman in her late 30s, fuller build, warm beige skin, short bobbed black hair, a soft oval face and wide-set eyes, wearing a plain grey knit top and black trousers, full body, head to feet, shot from slightly above eye level, soft diffused daylight, blurred plain interior, a slight natural smile expression, natural skin texture, visible pores and fine skin detail, realistic fabric drape, shot on 85mm lens, shallow depth of field, photorealistic, unretouched",shot from slightly above eye level,full body,soft diffused daylight,blurred plain interior,a slight natural smile
models,f_cauz_40s_full__029,f_cauz_40s_full,"photorealistic photograph of a Central Asian woman in her late 30s, fuller build, warm beige skin, short bobbed black hair, a soft oval face and wide-set eyes, wearing a plain olive shirt and dark jeans, full body, head to feet, shot from slightly below eye level, hard directional sunlight, soft gradient backdrop, a slight natural smile expression, natural skin texture, visible pores and fine skin detail, realistic fabric drape, shot on 85mm lens, shallow depth of field, photorealistic, unretouched",shot from slightly below eye level,full body,hard directional sunlight,soft gradient backdrop,a slight natural smile
models,f_cauz_50s_avg__000,f_cauz_50s_avg,"photorealistic photograph of a Central Asian woman in her early 50s, average build, deeper tan skin with visible fine lines, greying dark hair pulled back, a lined face and deep-set eyes, wearing a plain white t-shirt and dark grey trousers, headshot, front view, facing camera, soft diffused daylight, plain light grey studio backdrop, neutral expression, natural skin texture, visible pores and fine skin detail, realistic fabric drape, shot on 85mm lens, shallow depth of field, photorealistic, unretouched",front view,headshot,soft diffused daylight,plain light grey studio backdrop,neutral
models,f_cauz_50s_avg__001,f_cauz_50s_avg,"photorealistic photograph of a Central Asian woman in her early 50s, average build, deeper tan skin with visible fine lines, greying dark hair pulled back, a lined face and deep-set eyes, wearing a plain black t-shirt and blue jeans, headshot, three-quarter view turned to the left, hard directional sunlight, warm beige wall, neutral expression, natural skin texture, visible pores and fine skin detail, realistic fabric drape, shot on 85mm lens, shallow depth of field, photorealistic, unretouched",three-quarter view turned to the left,headshot,hard directional sunlight,warm beige wall,neutral
models,f_cauz_50s_avg__002,f_cauz_50s_avg,"photorealistic photograph of a Central Asian woman in her early 50s, average build, deeper tan skin with visible fine lines, greying dark hair pulled back, a lined face and deep-set eyes, wearing a plain navy long-sleeve top and beige trousers, headshot, three-quarter view turned to the right, strong side light, white seamless studio, neutral expression, natural skin texture, visible pores and fine skin detail, realistic fabric drape, shot on 85mm lens, shallow depth of field, photorealistic, unretouched",three-quarter view turned to the right,headshot,strong side light,white seamless studio,neutral
models,f_cauz_50s_avg__003,f_cauz_50s_avg,"photorealistic photograph of a Central Asian woman in her early 50s, average build, deeper tan skin with visible fine lines, greying dark hair pulled back, a lined face and deep-set eyes, wearing a plain grey knit top and black trousers, headshot, near profile view, rim light from behind, blurred outdoor street, neutral expression, natural skin texture, visible pores and fine skin detail, realistic fabric drape, shot on 85mm lens, shallow depth of field, photorealistic, unretouched",near profile view,headshot,rim light from behind,blurred outdoor street,neutral
models,f_cauz_50s_avg__004,f_cauz_50s_avg,"photorealistic photograph of a Central Asian woman in her early 50s, average build, deeper tan skin with visible fine lines, greying dark hair pulled back, a lined face and deep-set eyes, wearing a plain olive shirt and dark jeans, half body, from the waist up, shot from slightly above eye level, soft diffused daylight, blurred plain interior, neutral expression, natural skin texture, visible pores and fine skin detail, realistic fabric drape, shot on 85mm lens, shallow depth of field, photorealistic, unretouched",shot from slightly above eye level,half body,soft diffused daylight,blurred plain interior,neutral
models,f_cauz_50s_avg__005,f_cauz_50s_avg,"photorealistic photograph of a Central Asian woman in her early 50s, average build, deeper tan skin with visible fine lines, greying dark hair pulled back, a lined face and deep-set eyes, wearing a plain white t-shirt and dark grey trousers, half body, from the waist up, shot from slightly below eye level, hard directional sunlight, soft gradient backdrop, neutral expression, natural skin texture, visible pores and fine skin detail, realistic fabric drape, shot on 85mm lens, shallow depth of field, photorealistic, unretouched",shot from slightly below eye level,half body,hard directional sunlight,soft gradient backdrop,neutral
models,f_cauz_50s_avg__006,f_cauz_50s_avg,"photorealistic photograph of a Central Asian woman in her early 50s, average build, deeper tan skin with visible fine lines, greying dark hair pulled back, a lined face and deep-set eyes, wearing a plain black t-shirt and blue jeans, half body, from the waist up, front view, facing camera, strong side light, plain light grey studio backdrop, neutral expression, natural skin texture, visible pores and fine skin detail, realistic fabric drape, shot on 85mm lens, shallow depth of field, photorealistic, unretouched",front view,half body,strong side light,plain light grey studio backdrop,neutral
models,f_cauz_50s_avg__007,f_cauz_50s_avg,"photorealistic photograph of a Central Asian woman in her early 50s, average build, deeper tan skin with visible fine lines, greying dark hair pulled back, a lined face and deep-set eyes, wearing a plain navy long-sleeve top and beige trousers, half body, from the waist up, three-quarter view turned to the left, rim light from behind, warm beige wall, neutral expression, natural skin texture, visible pores and fine skin detail, realistic fabric drape, shot on 85mm lens, shallow depth of field, photorealistic, unretouched",three-quarter view turned to the left,half body,rim light from behind,warm beige wall,neutral
models,f_cauz_50s_avg__008,f_cauz_50s_avg,"photorealistic photograph of a Central Asian woman in her early 50s, average build, deeper tan skin with visible fine lines, greying dark hair pulled back, a lined face and deep-set eyes, wearing a plain grey knit top and black trousers, half body, from the waist up, three-quarter view turned to the right, soft diffused daylight, white seamless studio, neutral expression, natural skin texture, visible pores and fine skin detail, realistic fabric drape, shot on 85mm lens, shallow depth of field, photorealistic, unretouched",three-quarter view turned to the right,half body,soft diffused daylight,white seamless studio,neutral
models,f_cauz_50s_avg__009,f_cauz_50s_avg,"photorealistic photograph of a Central Asian woman in her early 50s, average build, deeper tan skin with visible fine lines, greying dark hair pulled back, a lined face and deep-set eyes, wearing a plain olive shirt and dark jeans, half body, from the waist up, near profile view, hard directional sunlight, blurred outdoor street, neutral expression, natural skin texture, visible pores and fine skin detail, realistic fabric drape, shot on 85mm lens, shallow depth of field, photorealistic, unretouched",near profile view,half body,hard directional sunlight,blurred outdoor street,neutral
models,f_cauz_50s_avg__010,f_cauz_50s_avg,"photorealistic photograph of a Central Asian woman in her early 50s, average build, deeper tan skin with visible fine lines, greying dark hair pulled back, a lined face and deep-set eyes, wearing a plain white t-shirt and dark grey trousers, half body, from the waist up, shot from slightly above eye level, strong side light, blurred plain interior, neutral expression, natural skin texture, visible pores and fine skin detail, realistic fabric drape, shot on 85mm lens, shallow depth of field, photorealistic, unretouched",shot from slightly above eye level,half body,strong side light,blurred plain interior,neutral
models,f_cauz_50s_avg__011,f_cauz_50s_avg,"photorealistic photograph of a Central Asian woman in her early 50s, average build, deeper tan skin with visible fine lines, greying dark hair pulled back, a lined face and deep-set eyes, wearing a plain black t-shirt and blue jeans, half body, from the waist up, shot from slightly below eye level, rim light from behind, soft gradient backdrop, neutral expression, natural skin texture, visible pores and fine skin detail, realistic fabric drape, shot on 85mm lens, shallow depth of field, photorealistic, unretouched",shot from slightly below eye level,half body,rim light from behind,soft gradient backdrop,neutral
models,f_cauz_50s_avg__012,f_cauz_50s_avg,"photorealistic photograph of a Central Asian woman in her early 50s, average build, deeper tan skin with visible fine lines, greying dark hair pulled back, a lined face and deep-set eyes, wearing a plain navy long-sleeve top and beige trousers, half body, from the waist up, front view, facing camera, soft diffused daylight, plain light grey studio backdrop, neutral expression, natural skin texture, visible pores and fine skin detail, realistic fabric drape, shot on 85mm lens, shallow depth of field, photorealistic, unretouched",front view,half body,soft diffused daylight,plain light grey studio backdrop,neutral
models,f_cauz_50s_avg__013,f_cauz_50s_avg,"photorealistic photograph of a Central Asian woman in her early 50s, average build, deeper tan skin with visible fine lines, greying dark hair pulled back, a lined face and deep-set eyes, wearing a plain grey knit top and black trousers, full body, head to feet, three-quarter view turned to the left, hard directional sunlight, warm beige wall, neutral expression, natural skin texture, visible pores and fine skin detail, realistic fabric drape, shot on 85mm lens, shallow depth of field, photorealistic, unretouched",three-quarter view turned to the left,full body,hard directional sunlight,warm beige wall,neutral
models,f_cauz_50s_avg__014,f_cauz_50s_avg,"photorealistic photograph of a Central Asian woman in her early 50s, average build, deeper tan skin with visible fine lines, greying dark hair pulled back, a lined face and deep-set eyes, wearing a plain olive shirt and dark jeans, full body, head to feet, three-quarter view turned to the right, strong side light, white seamless studio, neutral expression, natural skin texture, visible pores and fine skin detail, realistic fabric drape, shot on 85mm lens, shallow depth of field, photorealistic, unretouched",three-quarter view turned to the right,full body,strong side light,white seamless studio,neutral
models,f_cauz_50s_avg__015,f_cauz_50s_avg,"photorealistic photograph of a Central Asian woman in her early 50s, average build, deeper tan skin with visible fine lines, greying dark hair pulled back, a lined face and deep-set eyes, wearing a plain white t-shirt and dark grey trousers, full body, head to feet, near profile view, rim light from behind, blurred outdoor street, neutral expression, natural skin texture, visible pores and fine skin detail, realistic fabric drape, shot on 85mm lens, shallow depth of field, photorealistic, unretouched",near profile view,full body,rim light from behind,blurred outdoor street,neutral
models,f_cauz_50s_avg__016,f_cauz_50s_avg,"photorealistic photograph of a Central Asian woman in her early 50s, average build, deeper tan skin with visible fine lines, greying dark hair pulled back, a lined face and deep-set eyes, wearing a plain black t-shirt and blue jeans, full body, head to feet, shot from slightly above eye level, soft diffused daylight, blurred plain interior, neutral expression, natural skin texture, visible pores and fine skin detail, realistic fabric drape, shot on 85mm lens, shallow depth of field, photorealistic, unretouched",shot from slightly above eye level,full body,soft diffused daylight,blurred plain interior,neutral
models,f_cauz_50s_avg__017,f_cauz_50s_avg,"photorealistic photograph of a Central Asian woman in her early 50s, average build, deeper tan skin with visible fine lines, greying dark hair pulled back, a lined face and deep-set eyes, wearing a plain navy long-sleeve top and beige trousers, full body, head to feet, shot from slightly below eye level, hard directional sunlight, soft gradient backdrop, neutral expression, natural skin texture, visible pores and fine skin detail, realistic fabric drape, shot on 85mm lens, shallow depth of field, photorealistic, unretouched",shot from slightly below eye level,full body,hard directional sunlight,soft gradient backdrop,neutral
models,f_cauz_50s_avg__018,f_cauz_50s_avg,"photorealistic photograph of a Central Asian woman in her early 50s, average build, deeper tan skin with visible fine lines, greying dark hair pulled back, a lined face and deep-set eyes, wearing a plain grey knit top and black trousers, full body, head to feet, front view, facing camera, strong side light, plain light grey studio backdrop, neutral expression, natural skin texture, visible pores and fine skin detail, realistic fabric drape, shot on 85mm lens, shallow depth of field, photorealistic, unretouched",front view,full body,strong side light,plain light grey studio backdrop,neutral
models,f_cauz_50s_avg__019,f_cauz_50s_avg,"photorealistic photograph of a Central Asian woman in her early 50s, average build, deeper tan skin with visible fine lines, greying dark hair pulled back, a lined face and deep-set eyes, wearing a plain olive shirt and dark jeans, full body, head to feet, three-quarter view turned to the left, rim light from behind, warm beige wall, neutral expression, natural skin texture, visible pores and fine skin detail, realistic fabric drape, shot on 85mm lens, shallow depth of field, photorealistic, unretouched",three-quarter view turned to the left,full body,rim light from behind,warm beige wall,neutral
models,f_cauz_50s_avg__020,f_cauz_50s_avg,"photorealistic photograph of a Central Asian woman in her early 50s, average build, deeper tan skin with visible fine lines, greying dark hair pulled back, a lined face and deep-set eyes, wearing a plain white t-shirt and dark grey trousers, full body, head to feet, three-quarter view turned to the right, soft diffused daylight, white seamless studio, a slight natural smile expression, natural skin texture, visible pores and fine skin detail, realistic fabric drape, shot on 85mm lens, shallow depth of field, photorealistic, unretouched",three-quarter view turned to the right,full body,soft diffused daylight,white seamless studio,a slight natural smile
models,f_cauz_50s_avg__021,f_cauz_50s_avg,"photorealistic photograph of a Central Asian woman in her early 50s, average build, deeper tan skin with visible fine lines, greying dark hair pulled back, a lined face and deep-set eyes, wearing a plain black t-shirt and blue jeans, full body, head to feet, near profile view, hard directional sunlight, blurred outdoor street, a slight natural smile expression, natural skin texture, visible pores and fine skin detail, realistic fabric drape, shot on 85mm lens, shallow depth of field, photorealistic, unretouched",near profile view,full body,hard directional sunlight,blurred outdoor street,a slight natural smile
models,f_cauz_50s_avg__022,f_cauz_50s_avg,"photorealistic photograph of a Central Asian woman in her early 50s, average build, deeper tan skin with visible fine lines, greying dark hair pulled back, a lined face and deep-set eyes, wearing a plain navy long-sleeve top and beige trousers, full body, head to feet, shot from slightly above eye level, strong side light, blurred plain interior, a slight natural smile expression, natural skin texture, visible pores and fine skin detail, realistic fabric drape, shot on 85mm lens, shallow depth of field, photorealistic, unretouched",shot from slightly above eye level,full body,strong side light,blurred plain interior,a slight natural smile
models,f_cauz_50s_avg__023,f_cauz_50s_avg,"photorealistic photograph of a Central Asian woman in her early 50s, average build, deeper tan skin with visible fine lines, greying dark hair pulled back, a lined face and deep-set eyes, wearing a plain grey knit top and black trousers, full body, head to feet, shot from slightly below eye level, rim light from behind, soft gradient backdrop, a slight natural smile expression, natural skin texture, visible pores and fine skin detail, realistic fabric drape, shot on 85mm lens, shallow depth of field, photorealistic, unretouched",shot from slightly below eye level,full body,rim light from behind,soft gradient backdrop,a slight natural smile
models,f_cauz_50s_avg__024,f_cauz_50s_avg,"photorealistic photograph of a Central Asian woman in her early 50s, average build, deeper tan skin with visible fine lines, greying dark hair pulled back, a lined face and deep-set eyes, wearing a plain olive shirt and dark jeans, full body, head to feet, front view, facing camera, soft diffused daylight, plain light grey studio backdrop, a slight natural smile expression, natural skin texture, visible pores and fine skin detail, realistic fabric drape, shot on 85mm lens, shallow depth of field, photorealistic, unretouched",front view,full body,soft diffused daylight,plain light grey studio backdrop,a slight natural smile
models,f_cauz_50s_avg__025,f_cauz_50s_avg,"photorealistic photograph of a Central Asian woman in her early 50s, average build, deeper tan skin with visible fine lines, greying dark hair pulled back, a lined face and deep-set eyes, wearing a plain white t-shirt and dark grey trousers, full body, head to feet, three-quarter view turned to the left, hard directional sunlight, warm beige wall, a slight natural smile expression, natural skin texture, visible pores and fine skin detail, realistic fabric drape, shot on 85mm lens, shallow depth of field, photorealistic, unretouched",three-quarter view turned to the left,full body,hard directional sunlight,warm beige wall,a slight natural smile
models,f_cauz_50s_avg__026,f_cauz_50s_avg,"photorealistic photograph of a Central Asian woman in her early 50s, average build, deeper tan skin with visible fine lines, greying dark hair pulled back, a lined face and deep-set eyes, wearing a plain black t-shirt and blue jeans, full body, head to feet, three-quarter view turned to the right, strong side light, white seamless studio, a slight natural smile expression, natural skin texture, visible pores and fine skin detail, realistic fabric drape, shot on 85mm lens, shallow depth of field, photorealistic, unretouched",three-quarter view turned to the right,full body,strong side light,white seamless studio,a slight natural smile
models,f_cauz_50s_avg__027,f_cauz_50s_avg,"photorealistic photograph of a Central Asian woman in her early 50s, average build, deeper tan skin with visible fine lines, greying dark hair pulled back, a lined face and deep-set eyes, wearing a plain navy long-sleeve top and beige trousers, full body, head to feet, near profile view, rim light from behind, blurred outdoor street, a slight natural smile expression, natural skin texture, visible pores and fine skin detail, realistic fabric drape, shot on 85mm lens, shallow depth of field, photorealistic, unretouched",near profile view,full body,rim light from behind,blurred outdoor street,a slight natural smile
models,f_cauz_50s_avg__028,f_cauz_50s_avg,"photorealistic photograph of a Central Asian woman in her early 50s, average build, deeper tan skin with visible fine lines, greying dark hair pulled back, a lined face and deep-set eyes, wearing a plain grey knit top and black trousers, full body, head to feet, shot from slightly above eye level, soft diffused daylight, blurred plain interior, a slight natural smile expression, natural skin texture, visible pores and fine skin detail, realistic fabric drape, shot on 85mm lens, shallow depth of field, photorealistic, unretouched",shot from slightly above eye level,full body,soft diffused daylight,blurred plain interior,a slight natural smile
models,f_cauz_50s_avg__029,f_cauz_50s_avg,"photorealistic photograph of a Central Asian woman in her early 50s, average build, deeper tan skin with visible fine lines, greying dark hair pulled back, a lined face and deep-set eyes, wearing a plain olive shirt and dark jeans, full body, head to feet, shot from slightly below eye level, hard directional sunlight, soft gradient backdrop, a slight natural smile expression, natural skin texture, visible pores and fine skin detail, realistic fabric drape, shot on 85mm lens, shallow depth of field, photorealistic, unretouched",shot from slightly below eye level,full body,hard directional sunlight,soft gradient backdrop,a slight natural smile
models,f_cauz_20s_hijab__000,f_cauz_20s_hijab,"photorealistic photograph of a Central Asian woman in her mid 20s, average build, fair olive skin, hair fully covered by the headscarf, large dark almond eyes and thin brows, wearing a plain long-sleeve beige tunic and wide dark trousers with a matching headscarf, headshot, front view, facing camera, soft diffused daylight, plain light grey studio backdrop, neutral expression, natural skin texture, visible pores and fine skin detail, realistic fabric drape, shot on 85mm lens, shallow depth of field, photorealistic, unretouched",front view,headshot,soft diffused daylight,plain light grey studio backdrop,neutral
models,f_cauz_20s_hijab__001,f_cauz_20s_hijab,"photorealistic photograph of a Central Asian woman in her mid 20s, average build, fair olive skin, hair fully covered by the headscarf, large dark almond eyes and thin brows, wearing a plain navy long dress with long sleeves and a matching headscarf, headshot, three-quarter view turned to the left, hard directional sunlight, warm beige wall, neutral expression, natural skin texture, visible pores and fine skin detail, realistic fabric drape, shot on 85mm lens, shallow depth of field, photorealistic, unretouched",three-quarter view turned to the left,headshot,hard directional sunlight,warm beige wall,neutral
models,f_cauz_20s_hijab__002,f_cauz_20s_hijab,"photorealistic photograph of a Central Asian woman in her mid 20s, average build, fair olive skin, hair fully covered by the headscarf, large dark almond eyes and thin brows, wearing a plain grey long-sleeve top and long black skirt with a matching headscarf, headshot, three-quarter view turned to the right, strong side light, white seamless studio, neutral expression, natural skin texture, visible pores and fine skin detail, realistic fabric drape, shot on 85mm lens, shallow depth of field, photorealistic, unretouched",three-quarter view turned to the right,headshot,strong side light,white seamless studio,neutral
models,f_cauz_20s_hijab__003,f_cauz_20s_hijab,"photorealistic photograph of a Central Asian woman in her mid 20s, average build, fair olive skin, hair fully covered by the headscarf, large dark almond eyes and thin brows, wearing a plain olive long tunic and loose trousers with a matching headscarf, headshot, near profile view, rim light from behind, blurred outdoor street, neutral expression, natural skin texture, visible pores and fine skin detail, realistic fabric drape, shot on 85mm lens, shallow depth of field, photorealistic, unretouched",near profile view,headshot,rim light from behind,blurred outdoor street,neutral
models,f_cauz_20s_hijab__004,f_cauz_20s_hijab,"photorealistic photograph of a Central Asian woman in her mid 20s, average build, fair olive skin, hair fully covered by the headscarf, large dark almond eyes and thin brows, wearing a plain white long-sleeve blouse and long navy skirt with a matching headscarf, half body, from the waist up, shot from slightly above eye level, soft diffused daylight, blurred plain interior, neutral expression, natural skin texture, visible pores and fine skin detail, realistic fabric drape, shot on 85mm lens, shallow depth of field, photorealistic, unretouched",shot from slightly above eye level,half body,soft diffused daylight,blurred plain interior,neutral
models,f_cauz_20s_hijab__005,f_cauz_20s_hijab,"photorealistic photograph of a Central Asian woman in her mid 20s, average build, fair olive skin, hair fully covered by the headscarf, large dark almond eyes and thin brows, wearing a plain long-sleeve beige tunic and wide dark trousers with a matching headscarf, half body, from the waist up, shot from slightly below eye level, hard directional sunlight, soft gradient backdrop, neutral expression, natural skin texture, visible pores and fine skin detail, realistic fabric drape, shot on 85mm lens, shallow depth of field, photorealistic, unretouched",shot from slightly below eye level,half body,hard directional sunlight,soft gradient backdrop,neutral
models,f_cauz_20s_hijab__006,f_cauz_20s_hijab,"photorealistic photograph of a Central Asian woman in her mid 20s, average build, fair olive skin, hair fully covered by the headscarf, large dark almond eyes and thin brows, wearing a plain navy long dress with long sleeves and a matching headscarf, half body, from the waist up, front view, facing camera, strong side light, plain light grey studio backdrop, neutral expression, natural skin texture, visible pores and fine skin detail, realistic fabric drape, shot on 85mm lens, shallow depth of field, photorealistic, unretouched",front view,half body,strong side light,plain light grey studio backdrop,neutral
models,f_cauz_20s_hijab__007,f_cauz_20s_hijab,"photorealistic photograph of a Central Asian woman in her mid 20s, average build, fair olive skin, hair fully covered by the headscarf, large dark almond eyes and thin brows, wearing a plain grey long-sleeve top and long black skirt with a matching headscarf, half body, from the waist up, three-quarter view turned to the left, rim light from behind, warm beige wall, neutral expression, natural skin texture, visible pores and fine skin detail, realistic fabric drape, shot on 85mm lens, shallow depth of field, photorealistic, unretouched",three-quarter view turned to the left,half body,rim light from behind,warm beige wall,neutral
models,f_cauz_20s_hijab__008,f_cauz_20s_hijab,"photorealistic photograph of a Central Asian woman in her mid 20s, average build, fair olive skin, hair fully covered by the headscarf, large dark almond eyes and thin brows, wearing a plain olive long tunic and loose trousers with a matching headscarf, half body, from the waist up, three-quarter view turned to the right, soft diffused daylight, white seamless studio, neutral expression, natural skin texture, visible pores and fine skin detail, realistic fabric drape, shot on 85mm lens, shallow depth of field, photorealistic, unretouched",three-quarter view turned to the right,half body,soft diffused daylight,white seamless studio,neutral
models,f_cauz_20s_hijab__009,f_cauz_20s_hijab,"photorealistic photograph of a Central Asian woman in her mid 20s, average build, fair olive skin, hair fully covered by the headscarf, large dark almond eyes and thin brows, wearing a plain white long-sleeve blouse and long navy skirt with a matching headscarf, half body, from the waist up, near profile view, hard directional sunlight, blurred outdoor street, neutral expression, natural skin texture, visible pores and fine skin detail, realistic fabric drape, shot on 85mm lens, shallow depth of field, photorealistic, unretouched",near profile view,half body,hard directional sunlight,blurred outdoor street,neutral
models,f_cauz_20s_hijab__010,f_cauz_20s_hijab,"photorealistic photograph of a Central Asian woman in her mid 20s, average build, fair olive skin, hair fully covered by the headscarf, large dark almond eyes and thin brows, wearing a plain long-sleeve beige tunic and wide dark trousers with a matching headscarf, half body, from the waist up, shot from slightly above eye level, strong side light, blurred plain interior, neutral expression, natural skin texture, visible pores and fine skin detail, realistic fabric drape, shot on 85mm lens, shallow depth of field, photorealistic, unretouched",shot from slightly above eye level,half body,strong side light,blurred plain interior,neutral
models,f_cauz_20s_hijab__011,f_cauz_20s_hijab,"photorealistic photograph of a Central Asian woman in her mid 20s, average build, fair olive skin, hair fully covered by the headscarf, large dark almond eyes and thin brows, wearing a plain navy long dress with long sleeves and a matching headscarf, half body, from the waist up, shot from slightly below eye level, rim light from behind, soft gradient backdrop, neutral expression, natural skin texture, visible pores and fine skin detail, realistic fabric drape, shot on 85mm lens, shallow depth of field, photorealistic, unretouched",shot from slightly below eye level,half body,rim light from behind,soft gradient backdrop,neutral
models,f_cauz_20s_hijab__012,f_cauz_20s_hijab,"photorealistic photograph of a Central Asian woman in her mid 20s, average build, fair olive skin, hair fully covered by the headscarf, large dark almond eyes and thin brows, wearing a plain grey long-sleeve top and long black skirt with a matching headscarf, half body, from the waist up, front view, facing camera, soft diffused daylight, plain light grey studio backdrop, neutral expression, natural skin texture, visible pores and fine skin detail, realistic fabric drape, shot on 85mm lens, shallow depth of field, photorealistic, unretouched",front view,half body,soft diffused daylight,plain light grey studio backdrop,neutral
models,f_cauz_20s_hijab__013,f_cauz_20s_hijab,"photorealistic photograph of a Central Asian woman in her mid 20s, average build, fair olive skin, hair fully covered by the headscarf, large dark almond eyes and thin brows, wearing a plain olive long tunic and loose trousers with a matching headscarf, full body, head to feet, three-quarter view turned to the left, hard directional sunlight, warm beige wall, neutral expression, natural skin texture, visible pores and fine skin detail, realistic fabric drape, shot on 85mm lens, shallow depth of field, photorealistic, unretouched",three-quarter view turned to the left,full body,hard directional sunlight,warm beige wall,neutral
models,f_cauz_20s_hijab__014,f_cauz_20s_hijab,"photorealistic photograph of a Central Asian woman in her mid 20s, average build, fair olive skin, hair fully covered by the headscarf, large dark almond eyes and thin brows, wearing a plain white long-sleeve blouse and long navy skirt with a matching headscarf, full body, head to feet, three-quarter view turned to the right, strong side light, white seamless studio, neutral expression, natural skin texture, visible pores and fine skin detail, realistic fabric drape, shot on 85mm lens, shallow depth of field, photorealistic, unretouched",three-quarter view turned to the right,full body,strong side light,white seamless studio,neutral
models,f_cauz_20s_hijab__015,f_cauz_20s_hijab,"photorealistic photograph of a Central Asian woman in her mid 20s, average build, fair olive skin, hair fully covered by the headscarf, large dark almond eyes and thin brows, wearing a plain long-sleeve beige tunic and wide dark trousers with a matching headscarf, full body, head to feet, near profile view, rim light from behind, blurred outdoor street, neutral expression, natural skin texture, visible pores and fine skin detail, realistic fabric drape, shot on 85mm lens, shallow depth of field, photorealistic, unretouched",near profile view,full body,rim light from behind,blurred outdoor street,neutral
models,f_cauz_20s_hijab__016,f_cauz_20s_hijab,"photorealistic photograph of a Central Asian woman in her mid 20s, average build, fair olive skin, hair fully covered by the headscarf, large dark almond eyes and thin brows, wearing a plain navy long dress with long sleeves and a matching headscarf, full body, head to feet, shot from slightly above eye level, soft diffused daylight, blurred plain interior, neutral expression, natural skin texture, visible pores and fine skin detail, realistic fabric drape, shot on 85mm lens, shallow depth of field, photorealistic, unretouched",shot from slightly above eye level,full body,soft diffused daylight,blurred plain interior,neutral
models,f_cauz_20s_hijab__017,f_cauz_20s_hijab,"photorealistic photograph of a Central Asian woman in her mid 20s, average build, fair olive skin, hair fully covered by the headscarf, large dark almond eyes and thin brows, wearing a plain grey long-sleeve top and long black skirt with a matching headscarf, full body, head to feet, shot from slightly below eye level, hard directional sunlight, soft gradient backdrop, neutral expression, natural skin texture, visible pores and fine skin detail, realistic fabric drape, shot on 85mm lens, shallow depth of field, photorealistic, unretouched",shot from slightly below eye level,full body,hard directional sunlight,soft gradient backdrop,neutral
models,f_cauz_20s_hijab__018,f_cauz_20s_hijab,"photorealistic photograph of a Central Asian woman in her mid 20s, average build, fair olive skin, hair fully covered by the headscarf, large dark almond eyes and thin brows, wearing a plain olive long tunic and loose trousers with a matching headscarf, full body, head to feet, front view, facing camera, strong side light, plain light grey studio backdrop, neutral expression, natural skin texture, visible pores and fine skin detail, realistic fabric drape, shot on 85mm lens, shallow depth of field, photorealistic, unretouched",front view,full body,strong side light,plain light grey studio backdrop,neutral
models,f_cauz_20s_hijab__019,f_cauz_20s_hijab,"photorealistic photograph of a Central Asian woman in her mid 20s, average build, fair olive skin, hair fully covered by the headscarf, large dark almond eyes and thin brows, wearing a plain white long-sleeve blouse and long navy skirt with a matching headscarf, full body, head to feet, three-quarter view turned to the left, rim light from behind, warm beige wall, neutral expression, natural skin texture, visible pores and fine skin detail, realistic fabric drape, shot on 85mm lens, shallow depth of field, photorealistic, unretouched",three-quarter view turned to the left,full body,rim light from behind,warm beige wall,neutral
models,f_cauz_20s_hijab__020,f_cauz_20s_hijab,"photorealistic photograph of a Central Asian woman in her mid 20s, average build, fair olive skin, hair fully covered by the headscarf, large dark almond eyes and thin brows, wearing a plain long-sleeve beige tunic and wide dark trousers with a matching headscarf, full body, head to feet, three-quarter view turned to the right, soft diffused daylight, white seamless studio, a slight natural smile expression, natural skin texture, visible pores and fine skin detail, realistic fabric drape, shot on 85mm lens, shallow depth of field, photorealistic, unretouched",three-quarter view turned to the right,full body,soft diffused daylight,white seamless studio,a slight natural smile
models,f_cauz_20s_hijab__021,f_cauz_20s_hijab,"photorealistic photograph of a Central Asian woman in her mid 20s, average build, fair olive skin, hair fully covered by the headscarf, large dark almond eyes and thin brows, wearing a plain navy long dress with long sleeves and a matching headscarf, full body, head to feet, near profile view, hard directional sunlight, blurred outdoor street, a slight natural smile expression, natural skin texture, visible pores and fine skin detail, realistic fabric drape, shot on 85mm lens, shallow depth of field, photorealistic, unretouched",near profile view,full body,hard directional sunlight,blurred outdoor street,a slight natural smile
models,f_cauz_20s_hijab__022,f_cauz_20s_hijab,"photorealistic photograph of a Central Asian woman in her mid 20s, average build, fair olive skin, hair fully covered by the headscarf, large dark almond eyes and thin brows, wearing a plain grey long-sleeve top and long black skirt with a matching headscarf, full body, head to feet, shot from slightly above eye level, strong side light, blurred plain interior, a slight natural smile expression, natural skin texture, visible pores and fine skin detail, realistic fabric drape, shot on 85mm lens, shallow depth of field, photorealistic, unretouched",shot from slightly above eye level,full body,strong side light,blurred plain interior,a slight natural smile
models,f_cauz_20s_hijab__023,f_cauz_20s_hijab,"photorealistic photograph of a Central Asian woman in her mid 20s, average build, fair olive skin, hair fully covered by the headscarf, large dark almond eyes and thin brows, wearing a plain olive long tunic and loose trousers with a matching headscarf, full body, head to feet, shot from slightly below eye level, rim light from behind, soft gradient backdrop, a slight natural smile expression, natural skin texture, visible pores and fine skin detail, realistic fabric drape, shot on 85mm lens, shallow depth of field, photorealistic, unretouched",shot from slightly below eye level,full body,rim light from behind,soft gradient backdrop,a slight natural smile
models,f_cauz_20s_hijab__024,f_cauz_20s_hijab,"photorealistic photograph of a Central Asian woman in her mid 20s, average build, fair olive skin, hair fully covered by the headscarf, large dark almond eyes and thin brows, wearing a plain white long-sleeve blouse and long navy skirt with a matching headscarf, full body, head to feet, front view, facing camera, soft diffused daylight, plain light grey studio backdrop, a slight natural smile expression, natural skin texture, visible pores and fine skin detail, realistic fabric drape, shot on 85mm lens, shallow depth of field, photorealistic, unretouched",front view,full body,soft diffused daylight,plain light grey studio backdrop,a slight natural smile
models,f_cauz_20s_hijab__025,f_cauz_20s_hijab,"photorealistic photograph of a Central Asian woman in her mid 20s, average build, fair olive skin, hair fully covered by the headscarf, large dark almond eyes and thin brows, wearing a plain long-sleeve beige tunic and wide dark trousers with a matching headscarf, full body, head to feet, three-quarter view turned to the left, hard directional sunlight, warm beige wall, a slight natural smile expression, natural skin texture, visible pores and fine skin detail, realistic fabric drape, shot on 85mm lens, shallow depth of field, photorealistic, unretouched",three-quarter view turned to the left,full body,hard directional sunlight,warm beige wall,a slight natural smile
models,f_cauz_20s_hijab__026,f_cauz_20s_hijab,"photorealistic photograph of a Central Asian woman in her mid 20s, average build, fair olive skin, hair fully covered by the headscarf, large dark almond eyes and thin brows, wearing a plain navy long dress with long sleeves and a matching headscarf, full body, head to feet, three-quarter view turned to the right, strong side light, white seamless studio, a slight natural smile expression, natural skin texture, visible pores and fine skin detail, realistic fabric drape, shot on 85mm lens, shallow depth of field, photorealistic, unretouched",three-quarter view turned to the right,full body,strong side light,white seamless studio,a slight natural smile
models,f_cauz_20s_hijab__027,f_cauz_20s_hijab,"photorealistic photograph of a Central Asian woman in her mid 20s, average build, fair olive skin, hair fully covered by the headscarf, large dark almond eyes and thin brows, wearing a plain grey long-sleeve top and long black skirt with a matching headscarf, full body, head to feet, near profile view, rim light from behind, blurred outdoor street, a slight natural smile expression, natural skin texture, visible pores and fine skin detail, realistic fabric drape, shot on 85mm lens, shallow depth of field, photorealistic, unretouched",near profile view,full body,rim light from behind,blurred outdoor street,a slight natural smile
models,f_cauz_20s_hijab__028,f_cauz_20s_hijab,"photorealistic photograph of a Central Asian woman in her mid 20s, average build, fair olive skin, hair fully covered by the headscarf, large dark almond eyes and thin brows, wearing a plain olive long tunic and loose trousers with a matching headscarf, full body, head to feet, shot from slightly above eye level, soft diffused daylight, blurred plain interior, a slight natural smile expression, natural skin texture, visible pores and fine skin detail, realistic fabric drape, shot on 85mm lens, shallow depth of field, photorealistic, unretouched",shot from slightly above eye level,full body,soft diffused daylight,blurred plain interior,a slight natural smile
models,f_cauz_20s_hijab__029,f_cauz_20s_hijab,"photorealistic photograph of a Central Asian woman in her mid 20s, average build, fair olive skin, hair fully covered by the headscarf, large dark almond eyes and thin brows, wearing a plain white long-sleeve blouse and long navy skirt with a matching headscarf, full body, head to feet, shot from slightly below eye level, hard directional sunlight, soft gradient backdrop, a slight natural smile expression, natural skin texture, visible pores and fine skin detail, realistic fabric drape, shot on 85mm lens, shallow depth of field, photorealistic, unretouched",shot from slightly below eye level,full body,hard directional sunlight,soft gradient backdrop,a slight natural smile
models,f_cauz_40s_hijab__000,f_cauz_40s_hijab,"photorealistic photograph of a Central Asian woman in her late 30s, average build, warm brown skin, hair fully covered by the headscarf, a broad face and a wide smile line, wearing a plain long-sleeve beige tunic and wide dark trousers with a matching headscarf, headshot, front view, facing camera, soft diffused daylight, plain light grey studio backdrop, neutral expression, natural skin texture, visible pores and fine skin detail, realistic fabric drape, shot on 85mm lens, shallow depth of field, photorealistic, unretouched",front view,headshot,soft diffused daylight,plain light grey studio backdrop,neutral
models,f_cauz_40s_hijab__001,f_cauz_40s_hijab,"photorealistic photograph of a Central Asian woman in her late 30s, average build, warm brown skin, hair fully covered by the headscarf, a broad face and a wide smile line, wearing a plain navy long dress with long sleeves and a matching headscarf, headshot, three-quarter view turned to the left, hard directional sunlight, warm beige wall, neutral expression, natural skin texture, visible pores and fine skin detail, realistic fabric drape, shot on 85mm lens, shallow depth of field, photorealistic, unretouched",three-quarter view turned to the left,headshot,hard directional sunlight,warm beige wall,neutral
models,f_cauz_40s_hijab__002,f_cauz_40s_hijab,"photorealistic photograph of a Central Asian woman in her late 30s, average build, warm brown skin, hair fully covered by the headscarf, a broad face and a wide smile line, wearing a plain grey long-sleeve top and long black skirt with a matching headscarf, headshot, three-quarter view turned to the right, strong side light, white seamless studio, neutral expression, natural skin texture, visible pores and fine skin detail, realistic fabric drape, shot on 85mm lens, shallow depth of field, photorealistic, unretouched",three-quarter view turned to the right,headshot,strong side light,white seamless studio,neutral
models,f_cauz_40s_hijab__003,f_cauz_40s_hijab,"photorealistic photograph of a Central Asian woman in her late 30s, average build, warm brown skin, hair fully covered by the headscarf, a broad face and a wide smile line, wearing a plain olive long tunic and loose trousers with a matching headscarf, headshot, near profile view, rim light from behind, blurred outdoor street, neutral expression, natural skin texture, visible pores and fine skin detail, realistic fabric drape, shot on 85mm lens, shallow depth of field, photorealistic, unretouched",near profile view,headshot,rim light from behind,blurred outdoor street,neutral
models,f_cauz_40s_hijab__004,f_cauz_40s_hijab,"photorealistic photograph of a Central Asian woman in her late 30s, average build, warm brown skin, hair fully covered by the headscarf, a broad face and a wide smile line, wearing a plain white long-sleeve blouse and long navy skirt with a matching headscarf, half body, from the waist up, shot from slightly above eye level, soft diffused daylight, blurred plain interior, neutral expression, natural skin texture, visible pores and fine skin detail, realistic fabric drape, shot on 85mm lens, shallow depth of field, photorealistic, unretouched",shot from slightly above eye level,half body,soft diffused daylight,blurred plain interior,neutral
models,f_cauz_40s_hijab__005,f_cauz_40s_hijab,"photorealistic photograph of a Central Asian woman in her late 30s, average build, warm brown skin, hair fully covered by the headscarf, a broad face and a wide smile line, wearing a plain long-sleeve beige tunic and wide dark trousers with a matching headscarf, half body, from the waist up, shot from slightly below eye level, hard directional sunlight, soft gradient backdrop, neutral expression, natural skin texture, visible pores and fine skin detail, realistic fabric drape, shot on 85mm lens, shallow depth of field, photorealistic, unretouched",shot from slightly below eye level,half body,hard directional sunlight,soft gradient backdrop,neutral
models,f_cauz_40s_hijab__006,f_cauz_40s_hijab,"photorealistic photograph of a Central Asian woman in her late 30s, average build, warm brown skin, hair fully covered by the headscarf, a broad face and a wide smile line, wearing a plain navy long dress with long sleeves and a matching headscarf, half body, from the waist up, front view, facing camera, strong side light, plain light grey studio backdrop, neutral expression, natural skin texture, visible pores and fine skin detail, realistic fabric drape, shot on 85mm lens, shallow depth of field, photorealistic, unretouched",front view,half body,strong side light,plain light grey studio backdrop,neutral
models,f_cauz_40s_hijab__007,f_cauz_40s_hijab,"photorealistic photograph of a Central Asian woman in her late 30s, average build, warm brown skin, hair fully covered by the headscarf, a broad face and a wide smile line, wearing a plain grey long-sleeve top and long black skirt with a matching headscarf, half body, from the waist up, three-quarter view turned to the left, rim light from behind, warm beige wall, neutral expression, natural skin texture, visible pores and fine skin detail, realistic fabric drape, shot on 85mm lens, shallow depth of field, photorealistic, unretouched",three-quarter view turned to the left,half body,rim light from behind,warm beige wall,neutral
models,f_cauz_40s_hijab__008,f_cauz_40s_hijab,"photorealistic photograph of a Central Asian woman in her late 30s, average build, warm brown skin, hair fully covered by the headscarf, a broad face and a wide smile line, wearing a plain olive long tunic and loose trousers with a matching headscarf, half body, from the waist up, three-quarter view turned to the right, soft diffused daylight, white seamless studio, neutral expression, natural skin texture, visible pores and fine skin detail, realistic fabric drape, shot on 85mm lens, shallow depth of field, photorealistic, unretouched",three-quarter view turned to the right,half body,soft diffused daylight,white seamless studio,neutral
models,f_cauz_40s_hijab__009,f_cauz_40s_hijab,"photorealistic photograph of a Central Asian woman in her late 30s, average build, warm brown skin, hair fully covered by the headscarf, a broad face and a wide smile line, wearing a plain white long-sleeve blouse and long navy skirt with a matching headscarf, half body, from the waist up, near profile view, hard directional sunlight, blurred outdoor street, neutral expression, natural skin texture, visible pores and fine skin detail, realistic fabric drape, shot on 85mm lens, shallow depth of field, photorealistic, unretouched",near profile view,half body,hard directional sunlight,blurred outdoor street,neutral
models,f_cauz_40s_hijab__010,f_cauz_40s_hijab,"photorealistic photograph of a Central Asian woman in her late 30s, average build, warm brown skin, hair fully covered by the headscarf, a broad face and a wide smile line, wearing a plain long-sleeve beige tunic and wide dark trousers with a matching headscarf, half body, from the waist up, shot from slightly above eye level, strong side light, blurred plain interior, neutral expression, natural skin texture, visible pores and fine skin detail, realistic fabric drape, shot on 85mm lens, shallow depth of field, photorealistic, unretouched",shot from slightly above eye level,half body,strong side light,blurred plain interior,neutral
models,f_cauz_40s_hijab__011,f_cauz_40s_hijab,"photorealistic photograph of a Central Asian woman in her late 30s, average build, warm brown skin, hair fully covered by the headscarf, a broad face and a wide smile line, wearing a plain navy long dress with long sleeves and a matching headscarf, half body, from the waist up, shot from slightly below eye level, rim light from behind, soft gradient backdrop, neutral expression, natural skin texture, visible pores and fine skin detail, realistic fabric drape, shot on 85mm lens, shallow depth of field, photorealistic, unretouched",shot from slightly below eye level,half body,rim light from behind,soft gradient backdrop,neutral
models,f_cauz_40s_hijab__012,f_cauz_40s_hijab,"photorealistic photograph of a Central Asian woman in her late 30s, average build, warm brown skin, hair fully covered by the headscarf, a broad face and a wide smile line, wearing a plain grey long-sleeve top and long black skirt with a matching headscarf, half body, from the waist up, front view, facing camera, soft diffused daylight, plain light grey studio backdrop, neutral expression, natural skin texture, visible pores and fine skin detail, realistic fabric drape, shot on 85mm lens, shallow depth of field, photorealistic, unretouched",front view,half body,soft diffused daylight,plain light grey studio backdrop,neutral
models,f_cauz_40s_hijab__013,f_cauz_40s_hijab,"photorealistic photograph of a Central Asian woman in her late 30s, average build, warm brown skin, hair fully covered by the headscarf, a broad face and a wide smile line, wearing a plain olive long tunic and loose trousers with a matching headscarf, full body, head to feet, three-quarter view turned to the left, hard directional sunlight, warm beige wall, neutral expression, natural skin texture, visible pores and fine skin detail, realistic fabric drape, shot on 85mm lens, shallow depth of field, photorealistic, unretouched",three-quarter view turned to the left,full body,hard directional sunlight,warm beige wall,neutral
models,f_cauz_40s_hijab__014,f_cauz_40s_hijab,"photorealistic photograph of a Central Asian woman in her late 30s, average build, warm brown skin, hair fully covered by the headscarf, a broad face and a wide smile line, wearing a plain white long-sleeve blouse and long navy skirt with a matching headscarf, full body, head to feet, three-quarter view turned to the right, strong side light, white seamless studio, neutral expression, natural skin texture, visible pores and fine skin detail, realistic fabric drape, shot on 85mm lens, shallow depth of field, photorealistic, unretouched",three-quarter view turned to the right,full body,strong side light,white seamless studio,neutral
models,f_cauz_40s_hijab__015,f_cauz_40s_hijab,"photorealistic photograph of a Central Asian woman in her late 30s, average build, warm brown skin, hair fully covered by the headscarf, a broad face and a wide smile line, wearing a plain long-sleeve beige tunic and wide dark trousers with a matching headscarf, full body, head to feet, near profile view, rim light from behind, blurred outdoor street, neutral expression, natural skin texture, visible pores and fine skin detail, realistic fabric drape, shot on 85mm lens, shallow depth of field, photorealistic, unretouched",near profile view,full body,rim light from behind,blurred outdoor street,neutral
models,f_cauz_40s_hijab__016,f_cauz_40s_hijab,"photorealistic photograph of a Central Asian woman in her late 30s, average build, warm brown skin, hair fully covered by the headscarf, a broad face and a wide smile line, wearing a plain navy long dress with long sleeves and a matching headscarf, full body, head to feet, shot from slightly above eye level, soft diffused daylight, blurred plain interior, neutral expression, natural skin texture, visible pores and fine skin detail, realistic fabric drape, shot on 85mm lens, shallow depth of field, photorealistic, unretouched",shot from slightly above eye level,full body,soft diffused daylight,blurred plain interior,neutral
models,f_cauz_40s_hijab__017,f_cauz_40s_hijab,"photorealistic photograph of a Central Asian woman in her late 30s, average build, warm brown skin, hair fully covered by the headscarf, a broad face and a wide smile line, wearing a plain grey long-sleeve top and long black skirt with a matching headscarf, full body, head to feet, shot from slightly below eye level, hard directional sunlight, soft gradient backdrop, neutral expression, natural skin texture, visible pores and fine skin detail, realistic fabric drape, shot on 85mm lens, shallow depth of field, photorealistic, unretouched",shot from slightly below eye level,full body,hard directional sunlight,soft gradient backdrop,neutral
models,f_cauz_40s_hijab__018,f_cauz_40s_hijab,"photorealistic photograph of a Central Asian woman in her late 30s, average build, warm brown skin, hair fully covered by the headscarf, a broad face and a wide smile line, wearing a plain olive long tunic and loose trousers with a matching headscarf, full body, head to feet, front view, facing camera, strong side light, plain light grey studio backdrop, neutral expression, natural skin texture, visible pores and fine skin detail, realistic fabric drape, shot on 85mm lens, shallow depth of field, photorealistic, unretouched",front view,full body,strong side light,plain light grey studio backdrop,neutral
models,f_cauz_40s_hijab__019,f_cauz_40s_hijab,"photorealistic photograph of a Central Asian woman in her late 30s, average build, warm brown skin, hair fully covered by the headscarf, a broad face and a wide smile line, wearing a plain white long-sleeve blouse and long navy skirt with a matching headscarf, full body, head to feet, three-quarter view turned to the left, rim light from behind, warm beige wall, neutral expression, natural skin texture, visible pores and fine skin detail, realistic fabric drape, shot on 85mm lens, shallow depth of field, photorealistic, unretouched",three-quarter view turned to the left,full body,rim light from behind,warm beige wall,neutral
models,f_cauz_40s_hijab__020,f_cauz_40s_hijab,"photorealistic photograph of a Central Asian woman in her late 30s, average build, warm brown skin, hair fully covered by the headscarf, a broad face and a wide smile line, wearing a plain long-sleeve beige tunic and wide dark trousers with a matching headscarf, full body, head to feet, three-quarter view turned to the right, soft diffused daylight, white seamless studio, a slight natural smile expression, natural skin texture, visible pores and fine skin detail, realistic fabric drape, shot on 85mm lens, shallow depth of field, photorealistic, unretouched",three-quarter view turned to the right,full body,soft diffused daylight,white seamless studio,a slight natural smile
models,f_cauz_40s_hijab__021,f_cauz_40s_hijab,"photorealistic photograph of a Central Asian woman in her late 30s, average build, warm brown skin, hair fully covered by the headscarf, a broad face and a wide smile line, wearing a plain navy long dress with long sleeves and a matching headscarf, full body, head to feet, near profile view, hard directional sunlight, blurred outdoor street, a slight natural smile expression, natural skin texture, visible pores and fine skin detail, realistic fabric drape, shot on 85mm lens, shallow depth of field, photorealistic, unretouched",near profile view,full body,hard directional sunlight,blurred outdoor street,a slight natural smile
models,f_cauz_40s_hijab__022,f_cauz_40s_hijab,"photorealistic photograph of a Central Asian woman in her late 30s, average build, warm brown skin, hair fully covered by the headscarf, a broad face and a wide smile line, wearing a plain grey long-sleeve top and long black skirt with a matching headscarf, full body, head to feet, shot from slightly above eye level, strong side light, blurred plain interior, a slight natural smile expression, natural skin texture, visible pores and fine skin detail, realistic fabric drape, shot on 85mm lens, shallow depth of field, photorealistic, unretouched",shot from slightly above eye level,full body,strong side light,blurred plain interior,a slight natural smile
models,f_cauz_40s_hijab__023,f_cauz_40s_hijab,"photorealistic photograph of a Central Asian woman in her late 30s, average build, warm brown skin, hair fully covered by the headscarf, a broad face and a wide smile line, wearing a plain olive long tunic and loose trousers with a matching headscarf, full body, head to feet, shot from slightly below eye level, rim light from behind, soft gradient backdrop, a slight natural smile expression, natural skin texture, visible pores and fine skin detail, realistic fabric drape, shot on 85mm lens, shallow depth of field, photorealistic, unretouched",shot from slightly below eye level,full body,rim light from behind,soft gradient backdrop,a slight natural smile
models,f_cauz_40s_hijab__024,f_cauz_40s_hijab,"photorealistic photograph of a Central Asian woman in her late 30s, average build, warm brown skin, hair fully covered by the headscarf, a broad face and a wide smile line, wearing a plain white long-sleeve blouse and long navy skirt with a matching headscarf, full body, head to feet, front view, facing camera, soft diffused daylight, plain light grey studio backdrop, a slight natural smile expression, natural skin texture, visible pores and fine skin detail, realistic fabric drape, shot on 85mm lens, shallow depth of field, photorealistic, unretouched",front view,full body,soft diffused daylight,plain light grey studio backdrop,a slight natural smile
models,f_cauz_40s_hijab__025,f_cauz_40s_hijab,"photorealistic photograph of a Central Asian woman in her late 30s, average build, warm brown skin, hair fully covered by the headscarf, a broad face and a wide smile line, wearing a plain long-sleeve beige tunic and wide dark trousers with a matching headscarf, full body, head to feet, three-quarter view turned to the left, hard directional sunlight, warm beige wall, a slight natural smile expression, natural skin texture, visible pores and fine skin detail, realistic fabric drape, shot on 85mm lens, shallow depth of field, photorealistic, unretouched",three-quarter view turned to the left,full body,hard directional sunlight,warm beige wall,a slight natural smile
models,f_cauz_40s_hijab__026,f_cauz_40s_hijab,"photorealistic photograph of a Central Asian woman in her late 30s, average build, warm brown skin, hair fully covered by the headscarf, a broad face and a wide smile line, wearing a plain navy long dress with long sleeves and a matching headscarf, full body, head to feet, three-quarter view turned to the right, strong side light, white seamless studio, a slight natural smile expression, natural skin texture, visible pores and fine skin detail, realistic fabric drape, shot on 85mm lens, shallow depth of field, photorealistic, unretouched",three-quarter view turned to the right,full body,strong side light,white seamless studio,a slight natural smile
models,f_cauz_40s_hijab__027,f_cauz_40s_hijab,"photorealistic photograph of a Central Asian woman in her late 30s, average build, warm brown skin, hair fully covered by the headscarf, a broad face and a wide smile line, wearing a plain grey long-sleeve top and long black skirt with a matching headscarf, full body, head to feet, near profile view, rim light from behind, blurred outdoor street, a slight natural smile expression, natural skin texture, visible pores and fine skin detail, realistic fabric drape, shot on 85mm lens, shallow depth of field, photorealistic, unretouched",near profile view,full body,rim light from behind,blurred outdoor street,a slight natural smile
models,f_cauz_40s_hijab__028,f_cauz_40s_hijab,"photorealistic photograph of a Central Asian woman in her late 30s, average build, warm brown skin, hair fully covered by the headscarf, a broad face and a wide smile line, wearing a plain olive long tunic and loose trousers with a matching headscarf, full body, head to feet, shot from slightly above eye level, soft diffused daylight, blurred plain interior, a slight natural smile expression, natural skin texture, visible pores and fine skin detail, realistic fabric drape, shot on 85mm lens, shallow depth of field, photorealistic, unretouched",shot from slightly above eye level,full body,soft diffused daylight,blurred plain interior,a slight natural smile
models,f_cauz_40s_hijab__029,f_cauz_40s_hijab,"photorealistic photograph of a Central Asian woman in her late 30s, average build, warm brown skin, hair fully covered by the headscarf, a broad face and a wide smile line, wearing a plain white long-sleeve blouse and long navy skirt with a matching headscarf, full body, head to feet, shot from slightly below eye level, hard directional sunlight, soft gradient backdrop, a slight natural smile expression, natural skin texture, visible pores and fine skin detail, realistic fabric drape, shot on 85mm lens, shallow depth of field, photorealistic, unretouched",shot from slightly below eye level,full body,hard directional sunlight,soft gradient backdrop,a slight natural smile
models,f_slav_20s_slim__000,f_slav_20s_slim,"photorealistic photograph of a Slavic European woman in her early 20s, slim build, very fair pale skin with freckles, long light blonde hair, pale grey-blue eyes and a small straight nose, wearing a plain white t-shirt and dark grey trousers, headshot, front view, facing camera, soft diffused daylight, plain light grey studio backdrop, neutral expression, natural skin texture, visible pores and fine skin detail, realistic fabric drape, shot on 85mm lens, shallow depth of field, photorealistic, unretouched",front view,headshot,soft diffused daylight,plain light grey studio backdrop,neutral
models,f_slav_20s_slim__001,f_slav_20s_slim,"photorealistic photograph of a Slavic European woman in her early 20s, slim build, very fair pale skin with freckles, long light blonde hair, pale grey-blue eyes and a small straight nose, wearing a plain black t-shirt and blue jeans, headshot, three-quarter view turned to the left, hard directional sunlight, warm beige wall, neutral expression, natural skin texture, visible pores and fine skin detail, realistic fabric drape, shot on 85mm lens, shallow depth of field, photorealistic, unretouched",three-quarter view turned to the left,headshot,hard directional sunlight,warm beige wall,neutral
models,f_slav_20s_slim__002,f_slav_20s_slim,"photorealistic photograph of a Slavic European woman in her early 20s, slim build, very fair pale skin with freckles, long light blonde hair, pale grey-blue eyes and a small straight nose, wearing a plain navy long-sleeve top and beige trousers, headshot, three-quarter view turned to the right, strong side light, white seamless studio, neutral expression, natural skin texture, visible pores and fine skin detail, realistic fabric drape, shot on 85mm lens, shallow depth of field, photorealistic, unretouched",three-quarter view turned to the right,headshot,strong side light,white seamless studio,neutral
models,f_slav_20s_slim__003,f_slav_20s_slim,"photorealistic photograph of a Slavic European woman in her early 20s, slim build, very fair pale skin with freckles, long light blonde hair, pale grey-blue eyes and a small straight nose, wearing a plain grey knit top and black trousers, headshot, near profile view, rim light from behind, blurred outdoor street, neutral expression, natural skin texture, visible pores and fine skin detail, realistic fabric drape, shot on 85mm lens, shallow depth of field, photorealistic, unretouched",near profile view,headshot,rim light from behind,blurred outdoor street,neutral
models,f_slav_20s_slim__004,f_slav_20s_slim,"photorealistic photograph of a Slavic European woman in her early 20s, slim build, very fair pale skin with freckles, long light blonde hair, pale grey-blue eyes and a small straight nose, wearing a plain olive shirt and dark jeans, half body, from the waist up, shot from slightly above eye level, soft diffused daylight, blurred plain interior, neutral expression, natural skin texture, visible pores and fine skin detail, realistic fabric drape, shot on 85mm lens, shallow depth of field, photorealistic, unretouched",shot from slightly above eye level,half body,soft diffused daylight,blurred plain interior,neutral
models,f_slav_20s_slim__005,f_slav_20s_slim,"photorealistic photograph of a Slavic European woman in her early 20s, slim build, very fair pale skin with freckles, long light blonde hair, pale grey-blue eyes and a small straight nose, wearing a plain white t-shirt and dark grey trousers, half body, from the waist up, shot from slightly below eye level, hard directional sunlight, soft gradient backdrop, neutral expression, natural skin texture, visible pores and fine skin detail, realistic fabric drape, shot on 85mm lens, shallow depth of field, photorealistic, unretouched",shot from slightly below eye level,half body,hard directional sunlight,soft gradient backdrop,neutral
models,f_slav_20s_slim__006,f_slav_20s_slim,"photorealistic photograph of a Slavic European woman in her early 20s, slim build, very fair pale skin with freckles, long light blonde hair, pale grey-blue eyes and a small straight nose, wearing a plain black t-shirt and blue jeans, half body, from the waist up, front view, facing camera, strong side light, plain light grey studio backdrop, neutral expression, natural skin texture, visible pores and fine skin detail, realistic fabric drape, shot on 85mm lens, shallow depth of field, photorealistic, unretouched",front view,half body,strong side light,plain light grey studio backdrop,neutral
models,f_slav_20s_slim__007,f_slav_20s_slim,"photorealistic photograph of a Slavic European woman in her early 20s, slim build, very fair pale skin with freckles, long light blonde hair, pale grey-blue eyes and a small straight nose, wearing a plain navy long-sleeve top and beige trousers, half body, from the waist up, three-quarter view turned to the left, rim light from behind, warm beige wall, neutral expression, natural skin texture, visible pores and fine skin detail, realistic fabric drape, shot on 85mm lens, shallow depth of field, photorealistic, unretouched",three-quarter view turned to the left,half body,rim light from behind,warm beige wall,neutral
models,f_slav_20s_slim__008,f_slav_20s_slim,"photorealistic photograph of a Slavic European woman in her early 20s, slim build, very fair pale skin with freckles, long light blonde hair, pale grey-blue eyes and a small straight nose, wearing a plain grey knit top and black trousers, half body, from the waist up, three-quarter view turned to the right, soft diffused daylight, white seamless studio, neutral expression, natural skin texture, visible pores and fine skin detail, realistic fabric drape, shot on 85mm lens, shallow depth of field, photorealistic, unretouched",three-quarter view turned to the right,half body,soft diffused daylight,white seamless studio,neutral
models,f_slav_20s_slim__009,f_slav_20s_slim,"photorealistic photograph of a Slavic European woman in her early 20s, slim build, very fair pale skin with freckles, long light blonde hair, pale grey-blue eyes and a small straight nose, wearing a plain olive shirt and dark jeans, half body, from the waist up, near profile view, hard directional sunlight, blurred outdoor street, neutral expression, natural skin texture, visible pores and fine skin detail, realistic fabric drape, shot on 85mm lens, shallow depth of field, photorealistic, unretouched",near profile view,half body,hard directional sunlight,blurred outdoor street,neutral
models,f_slav_20s_slim__010,f_slav_20s_slim,"photorealistic photograph of a Slavic European woman in her early 20s, slim build, very fair pale skin with freckles, long light blonde hair, pale grey-blue eyes and a small straight nose, wearing a plain white t-shirt and dark grey trousers, half body, from the waist up, shot from slightly above eye level, strong side light, blurred plain interior, neutral expression, natural skin texture, visible pores and fine skin detail, realistic fabric drape, shot on 85mm lens, shallow depth of field, photorealistic, unretouched",shot from slightly above eye level,half body,strong side light,blurred plain interior,neutral
models,f_slav_20s_slim__011,f_slav_20s_slim,"photorealistic photograph of a Slavic European woman in her early 20s, slim build, very fair pale skin with freckles, long light blonde hair, pale grey-blue eyes and a small straight nose, wearing a plain black t-shirt and blue jeans, half body, from the waist up, shot from slightly below eye level, rim light from behind, soft gradient backdrop, neutral expression, natural skin texture, visible pores and fine skin detail, realistic fabric drape, shot on 85mm lens, shallow depth of field, photorealistic, unretouched",shot from slightly below eye level,half body,rim light from behind,soft gradient backdrop,neutral
models,f_slav_20s_slim__012,f_slav_20s_slim,"photorealistic photograph of a Slavic European woman in her early 20s, slim build, very fair pale skin with freckles, long light blonde hair, pale grey-blue eyes and a small straight nose, wearing a plain navy long-sleeve top and beige trousers, half body, from the waist up, front view, facing camera, soft diffused daylight, plain light grey studio backdrop, neutral expression, natural skin texture, visible pores and fine skin detail, realistic fabric drape, shot on 85mm lens, shallow depth of field, photorealistic, unretouched",front view,half body,soft diffused daylight,plain light grey studio backdrop,neutral
models,f_slav_20s_slim__013,f_slav_20s_slim,"photorealistic photograph of a Slavic European woman in her early 20s, slim build, very fair pale skin with freckles, long light blonde hair, pale grey-blue eyes and a small straight nose, wearing a plain grey knit top and black trousers, full body, head to feet, three-quarter view turned to the left, hard directional sunlight, warm beige wall, neutral expression, natural skin texture, visible pores and fine skin detail, realistic fabric drape, shot on 85mm lens, shallow depth of field, photorealistic, unretouched",three-quarter view turned to the left,full body,hard directional sunlight,warm beige wall,neutral
models,f_slav_20s_slim__014,f_slav_20s_slim,"photorealistic photograph of a Slavic European woman in her early 20s, slim build, very fair pale skin with freckles, long light blonde hair, pale grey-blue eyes and a small straight nose, wearing a plain olive shirt and dark jeans, full body, head to feet, three-quarter view turned to the right, strong side light, white seamless studio, neutral expression, natural skin texture, visible pores and fine skin detail, realistic fabric drape, shot on 85mm lens, shallow depth of field, photorealistic, unretouched",three-quarter view turned to the right,full body,strong side light,white seamless studio,neutral
models,f_slav_20s_slim__015,f_slav_20s_slim,"photorealistic photograph of a Slavic European woman in her early 20s, slim build, very fair pale skin with freckles, long light blonde hair, pale grey-blue eyes and a small straight nose, wearing a plain white t-shirt and dark grey trousers, full body, head to feet, near profile view, rim light from behind, blurred outdoor street, neutral expression, natural skin texture, visible pores and fine skin detail, realistic fabric drape, shot on 85mm lens, shallow depth of field, photorealistic, unretouched",near profile view,full body,rim light from behind,blurred outdoor street,neutral
models,f_slav_20s_slim__016,f_slav_20s_slim,"photorealistic photograph of a Slavic European woman in her early 20s, slim build, very fair pale skin with freckles, long light blonde hair, pale grey-blue eyes and a small straight nose, wearing a plain black t-shirt and blue jeans, full body, head to feet, shot from slightly above eye level, soft diffused daylight, blurred plain interior, neutral expression, natural skin texture, visible pores and fine skin detail, realistic fabric drape, shot on 85mm lens, shallow depth of field, photorealistic, unretouched",shot from slightly above eye level,full body,soft diffused daylight,blurred plain interior,neutral
models,f_slav_20s_slim__017,f_slav_20s_slim,"photorealistic photograph of a Slavic European woman in her early 20s, slim build, very fair pale skin with freckles, long light blonde hair, pale grey-blue eyes and a small straight nose, wearing a plain navy long-sleeve top and beige trousers, full body, head to feet, shot from slightly below eye level, hard directional sunlight, soft gradient backdrop, neutral expression, natural skin texture, visible pores and fine skin detail, realistic fabric drape, shot on 85mm lens, shallow depth of field, photorealistic, unretouched",shot from slightly below eye level,full body,hard directional sunlight,soft gradient backdrop,neutral
models,f_slav_20s_slim__018,f_slav_20s_slim,"photorealistic photograph of a Slavic European woman in her early 20s, slim build, very fair pale skin with freckles, long light blonde hair, pale grey-blue eyes and a small straight nose, wearing a plain grey knit top and black trousers, full body, head to feet, front view, facing camera, strong side light, plain light grey studio backdrop, neutral expression, natural skin texture, visible pores and fine skin detail, realistic fabric drape, shot on 85mm lens, shallow depth of field, photorealistic, unretouched",front view,full body,strong side light,plain light grey studio backdrop,neutral
models,f_slav_20s_slim__019,f_slav_20s_slim,"photorealistic photograph of a Slavic European woman in her early 20s, slim build, very fair pale skin with freckles, long light blonde hair, pale grey-blue eyes and a small straight nose, wearing a plain olive shirt and dark jeans, full body, head to feet, three-quarter view turned to the left, rim light from behind, warm beige wall, neutral expression, natural skin texture, visible pores and fine skin detail, realistic fabric drape, shot on 85mm lens, shallow depth of field, photorealistic, unretouched",three-quarter view turned to the left,full body,rim light from behind,warm beige wall,neutral
models,f_slav_20s_slim__020,f_slav_20s_slim,"photorealistic photograph of a Slavic European woman in her early 20s, slim build, very fair pale skin with freckles, long light blonde hair, pale grey-blue eyes and a small straight nose, wearing a plain white t-shirt and dark grey trousers, full body, head to feet, three-quarter view turned to the right, soft diffused daylight, white seamless studio, a slight natural smile expression, natural skin texture, visible pores and fine skin detail, realistic fabric drape, shot on 85mm lens, shallow depth of field, photorealistic, unretouched",three-quarter view turned to the right,full body,soft diffused daylight,white seamless studio,a slight natural smile
models,f_slav_20s_slim__021,f_slav_20s_slim,"photorealistic photograph of a Slavic European woman in her early 20s, slim build, very fair pale skin with freckles, long light blonde hair, pale grey-blue eyes and a small straight nose, wearing a plain black t-shirt and blue jeans, full body, head to feet, near profile view, hard directional sunlight, blurred outdoor street, a slight natural smile expression, natural skin texture, visible pores and fine skin detail, realistic fabric drape, shot on 85mm lens, shallow depth of field, photorealistic, unretouched",near profile view,full body,hard directional sunlight,blurred outdoor street,a slight natural smile
models,f_slav_20s_slim__022,f_slav_20s_slim,"photorealistic photograph of a Slavic European woman in her early 20s, slim build, very fair pale skin with freckles, long light blonde hair, pale grey-blue eyes and a small straight nose, wearing a plain navy long-sleeve top and beige trousers, full body, head to feet, shot from slightly above eye level, strong side light, blurred plain interior, a slight natural smile expression, natural skin texture, visible pores and fine skin detail, realistic fabric drape, shot on 85mm lens, shallow depth of field, photorealistic, unretouched",shot from slightly above eye level,full body,strong side light,blurred plain interior,a slight natural smile
models,f_slav_20s_slim__023,f_slav_20s_slim,"photorealistic photograph of a Slavic European woman in her early 20s, slim build, very fair pale skin with freckles, long light blonde hair, pale grey-blue eyes and a small straight nose, wearing a plain grey knit top and black trousers, full body, head to feet, shot from slightly below eye level, rim light from behind, soft gradient backdrop, a slight natural smile expression, natural skin texture, visible pores and fine skin detail, realistic fabric drape, shot on 85mm lens, shallow depth of field, photorealistic, unretouched",shot from slightly below eye level,full body,rim light from behind,soft gradient backdrop,a slight natural smile
models,f_slav_20s_slim__024,f_slav_20s_slim,"photorealistic photograph of a Slavic European woman in her early 20s, slim build, very fair pale skin with freckles, long light blonde hair, pale grey-blue eyes and a small straight nose, wearing a plain olive shirt and dark jeans, full body, head to feet, front view, facing camera, soft diffused daylight, plain light grey studio backdrop, a slight natural smile expression, natural skin texture, visible pores and fine skin detail, realistic fabric drape, shot on 85mm lens, shallow depth of field, photorealistic, unretouched",front view,full body,soft diffused daylight,plain light grey studio backdrop,a slight natural smile
models,f_slav_20s_slim__025,f_slav_20s_slim,"photorealistic photograph of a Slavic European woman in her early 20s, slim build, very fair pale skin with freckles, long light blonde hair, pale grey-blue eyes and a small straight nose, wearing a plain white t-shirt and dark grey trousers, full body, head to feet, three-quarter view turned to the left, hard directional sunlight, warm beige wall, a slight natural smile expression, natural skin texture, visible pores and fine skin detail, realistic fabric drape, shot on 85mm lens, shallow depth of field, photorealistic, unretouched",three-quarter view turned to the left,full body,hard directional sunlight,warm beige wall,a slight natural smile
models,f_slav_20s_slim__026,f_slav_20s_slim,"photorealistic photograph of a Slavic European woman in her early 20s, slim build, very fair pale skin with freckles, long light blonde hair, pale grey-blue eyes and a small straight nose, wearing a plain black t-shirt and blue jeans, full body, head to feet, three-quarter view turned to the right, strong side light, white seamless studio, a slight natural smile expression, natural skin texture, visible pores and fine skin detail, realistic fabric drape, shot on 85mm lens, shallow depth of field, photorealistic, unretouched",three-quarter view turned to the right,full body,strong side light,white seamless studio,a slight natural smile
models,f_slav_20s_slim__027,f_slav_20s_slim,"photorealistic photograph of a Slavic European woman in her early 20s, slim build, very fair pale skin with freckles, long light blonde hair, pale grey-blue eyes and a small straight nose, wearing a plain navy long-sleeve top and beige trousers, full body, head to feet, near profile view, rim light from behind, blurred outdoor street, a slight natural smile expression, natural skin texture, visible pores and fine skin detail, realistic fabric drape, shot on 85mm lens, shallow depth of field, photorealistic, unretouched",near profile view,full body,rim light from behind,blurred outdoor street,a slight natural smile
models,f_slav_20s_slim__028,f_slav_20s_slim,"photorealistic photograph of a Slavic European woman in her early 20s, slim build, very fair pale skin with freckles, long light blonde hair, pale grey-blue eyes and a small straight nose, wearing a plain grey knit top and black trousers, full body, head to feet, shot from slightly above eye level, soft diffused daylight, blurred plain interior, a slight natural smile expression, natural skin texture, visible pores and fine skin detail, realistic fabric drape, shot on 85mm lens, shallow depth of field, photorealistic, unretouched",shot from slightly above eye level,full body,soft diffused daylight,blurred plain interior,a slight natural smile
models,f_slav_20s_slim__029,f_slav_20s_slim,"photorealistic photograph of a Slavic European woman in her early 20s, slim build, very fair pale skin with freckles, long light blonde hair, pale grey-blue eyes and a small straight nose, wearing a plain olive shirt and dark jeans, full body, head to feet, shot from slightly below eye level, hard directional sunlight, soft gradient backdrop, a slight natural smile expression, natural skin texture, visible pores and fine skin detail, realistic fabric drape, shot on 85mm lens, shallow depth of field, photorealistic, unretouched",shot from slightly below eye level,full body,hard directional sunlight,soft gradient backdrop,a slight natural smile
models,f_slav_30s_avg__000,f_slav_30s_avg,"photorealistic photograph of a Slavic European woman in her early 30s, average build, fair rosy skin, mid-length auburn hair, green eyes and a square jaw, wearing a plain white t-shirt and dark grey trousers, headshot, front view, facing camera, soft diffused daylight, plain light grey studio backdrop, neutral expression, natural skin texture, visible pores and fine skin detail, realistic fabric drape, shot on 85mm lens, shallow depth of field, photorealistic, unretouched",front view,headshot,soft diffused daylight,plain light grey studio backdrop,neutral
models,f_slav_30s_avg__001,f_slav_30s_avg,"photorealistic photograph of a Slavic European woman in her early 30s, average build, fair rosy skin, mid-length auburn hair, green eyes and a square jaw, wearing a plain black t-shirt and blue jeans, headshot, three-quarter view turned to the left, hard directional sunlight, warm beige wall, neutral expression, natural skin texture, visible pores and fine skin detail, realistic fabric drape, shot on 85mm lens, shallow depth of field, photorealistic, unretouched",three-quarter view turned to the left,headshot,hard directional sunlight,warm beige wall,neutral
models,f_slav_30s_avg__002,f_slav_30s_avg,"photorealistic photograph of a Slavic European woman in her early 30s, average build, fair rosy skin, mid-length auburn hair, green eyes and a square jaw, wearing a plain navy long-sleeve top and beige trousers, headshot, three-quarter view turned to the right, strong side light, white seamless studio, neutral expression, natural skin texture, visible pores and fine skin detail, realistic fabric drape, shot on 85mm lens, shallow depth of field, photorealistic, unretouched",three-quarter view turned to the right,headshot,strong side light,white seamless studio,neutral
models,f_slav_30s_avg__003,f_slav_30s_avg,"photorealistic photograph of a Slavic European woman in her early 30s, average build, fair rosy skin, mid-length auburn hair, green eyes and a square jaw, wearing a plain grey knit top and black trousers, headshot, near profile view, rim light from behind, blurred outdoor street, neutral expression, natural skin texture, visible pores and fine skin detail, realistic fabric drape, shot on 85mm lens, shallow depth of field, photorealistic, unretouched",near profile view,headshot,rim light from behind,blurred outdoor street,neutral
models,f_slav_30s_avg__004,f_slav_30s_avg,"photorealistic photograph of a Slavic European woman in her early 30s, average build, fair rosy skin, mid-length auburn hair, green eyes and a square jaw, wearing a plain olive shirt and dark jeans, half body, from the waist up, shot from slightly above eye level, soft diffused daylight, blurred plain interior, neutral expression, natural skin texture, visible pores and fine skin detail, realistic fabric drape, shot on 85mm lens, shallow depth of field, photorealistic, unretouched",shot from slightly above eye level,half body,soft diffused daylight,blurred plain interior,neutral
models,f_slav_30s_avg__005,f_slav_30s_avg,"photorealistic photograph of a Slavic European woman in her early 30s, average build, fair rosy skin, mid-length auburn hair, green eyes and a square jaw, wearing a plain white t-shirt and dark grey trousers, half body, from the waist up, shot from slightly below eye level, hard directional sunlight, soft gradient backdrop, neutral expression, natural skin texture, visible pores and fine skin detail, realistic fabric drape, shot on 85mm lens, shallow depth of field, photorealistic, unretouched",shot from slightly below eye level,half body,hard directional sunlight,soft gradient backdrop,neutral
models,f_slav_30s_avg__006,f_slav_30s_avg,"photorealistic photograph of a Slavic European woman in her early 30s, average build, fair rosy skin, mid-length auburn hair, green eyes and a square jaw, wearing a plain black t-shirt and blue jeans, half body, from the waist up, front view, facing camera, strong side light, plain light grey studio backdrop, neutral expression, natural skin texture, visible pores and fine skin detail, realistic fabric drape, shot on 85mm lens, shallow depth of field, photorealistic, unretouched",front view,half body,strong side light,plain light grey studio backdrop,neutral
models,f_slav_30s_avg__007,f_slav_30s_avg,"photorealistic photograph of a Slavic European woman in her early 30s, average build, fair rosy skin, mid-length auburn hair, green eyes and a square jaw, wearing a plain navy long-sleeve top and beige trousers, half body, from the waist up, three-quarter view turned to the left, rim light from behind, warm beige wall, neutral expression, natural skin texture, visible pores and fine skin detail, realistic fabric drape, shot on 85mm lens, shallow depth of field, photorealistic, unretouched",three-quarter view turned to the left,half body,rim light from behind,warm beige wall,neutral
models,f_slav_30s_avg__008,f_slav_30s_avg,"photorealistic photograph of a Slavic European woman in her early 30s, average build, fair rosy skin, mid-length auburn hair, green eyes and a square jaw, wearing a plain grey knit top and black trousers, half body, from the waist up, three-quarter view turned to the right, soft diffused daylight, white seamless studio, neutral expression, natural skin texture, visible pores and fine skin detail, realistic fabric drape, shot on 85mm lens, shallow depth of field, photorealistic, unretouched",three-quarter view turned to the right,half body,soft diffused daylight,white seamless studio,neutral
models,f_slav_30s_avg__009,f_slav_30s_avg,"photorealistic photograph of a Slavic European woman in her early 30s, average build, fair rosy skin, mid-length auburn hair, green eyes and a square jaw, wearing a plain olive shirt and dark jeans, half body, from the waist up, near profile view, hard directional sunlight, blurred outdoor street, neutral expression, natural skin texture, visible pores and fine skin detail, realistic fabric drape, shot on 85mm lens, shallow depth of field, photorealistic, unretouched",near profile view,half body,hard directional sunlight,blurred outdoor street,neutral
models,f_slav_30s_avg__010,f_slav_30s_avg,"photorealistic photograph of a Slavic European woman in her early 30s, average build, fair rosy skin, mid-length auburn hair, green eyes and a square jaw, wearing a plain white t-shirt and dark grey trousers, half body, from the waist up, shot from slightly above eye level, strong side light, blurred plain interior, neutral expression, natural skin texture, visible pores and fine skin detail, realistic fabric drape, shot on 85mm lens, shallow depth of field, photorealistic, unretouched",shot from slightly above eye level,half body,strong side light,blurred plain interior,neutral
models,f_slav_30s_avg__011,f_slav_30s_avg,"photorealistic photograph of a Slavic European woman in her early 30s, average build, fair rosy skin, mid-length auburn hair, green eyes and a square jaw, wearing a plain black t-shirt and blue jeans, half body, from the waist up, shot from slightly below eye level, rim light from behind, soft gradient backdrop, neutral expression, natural skin texture, visible pores and fine skin detail, realistic fabric drape, shot on 85mm lens, shallow depth of field, photorealistic, unretouched",shot from slightly below eye level,half body,rim light from behind,soft gradient backdrop,neutral
models,f_slav_30s_avg__012,f_slav_30s_avg,"photorealistic photograph of a Slavic European woman in her early 30s, average build, fair rosy skin, mid-length auburn hair, green eyes and a square jaw, wearing a plain navy long-sleeve top and beige trousers, half body, from the waist up, front view, facing camera, soft diffused daylight, plain light grey studio backdrop, neutral expression, natural skin texture, visible pores and fine skin detail, realistic fabric drape, shot on 85mm lens, shallow depth of field, photorealistic, unretouched",front view,half body,soft diffused daylight,plain light grey studio backdrop,neutral
models,f_slav_30s_avg__013,f_slav_30s_avg,"photorealistic photograph of a Slavic European woman in her early 30s, average build, fair rosy skin, mid-length auburn hair, green eyes and a square jaw, wearing a plain grey knit top and black trousers, full body, head to feet, three-quarter view turned to the left, hard directional sunlight, warm beige wall, neutral expression, natural skin texture, visible pores and fine skin detail, realistic fabric drape, shot on 85mm lens, shallow depth of field, photorealistic, unretouched",three-quarter view turned to the left,full body,hard directional sunlight,warm beige wall,neutral
models,f_slav_30s_avg__014,f_slav_30s_avg,"photorealistic photograph of a Slavic European woman in her early 30s, average build, fair rosy skin, mid-length auburn hair, green eyes and a square jaw, wearing a plain olive shirt and dark jeans, full body, head to feet, three-quarter view turned to the right, strong side light, white seamless studio, neutral expression, natural skin texture, visible pores and fine skin detail, realistic fabric drape, shot on 85mm lens, shallow depth of field, photorealistic, unretouched",three-quarter view turned to the right,full body,strong side light,white seamless studio,neutral
models,f_slav_30s_avg__015,f_slav_30s_avg,"photorealistic photograph of a Slavic European woman in her early 30s, average build, fair rosy skin, mid-length auburn hair, green eyes and a square jaw, wearing a plain white t-shirt and dark grey trousers, full body, head to feet, near profile view, rim light from behind, blurred outdoor street, neutral expression, natural skin texture, visible pores and fine skin detail, realistic fabric drape, shot on 85mm lens, shallow depth of field, photorealistic, unretouched",near profile view,full body,rim light from behind,blurred outdoor street,neutral
models,f_slav_30s_avg__016,f_slav_30s_avg,"photorealistic photograph of a Slavic European woman in her early 30s, average build, fair rosy skin, mid-length auburn hair, green eyes and a square jaw, wearing a plain black t-shirt and blue jeans, full body, head to feet, shot from slightly above eye level, soft diffused daylight, blurred plain interior, neutral expression, natural skin texture, visible pores and fine skin detail, realistic fabric drape, shot on 85mm lens, shallow depth of field, photorealistic, unretouched",shot from slightly above eye level,full body,soft diffused daylight,blurred plain interior,neutral
models,f_slav_30s_avg__017,f_slav_30s_avg,"photorealistic photograph of a Slavic European woman in her early 30s, average build, fair rosy skin, mid-length auburn hair, green eyes and a square jaw, wearing a plain navy long-sleeve top and beige trousers, full body, head to feet, shot from slightly below eye level, hard directional sunlight, soft gradient backdrop, neutral expression, natural skin texture, visible pores and fine skin detail, realistic fabric drape, shot on 85mm lens, shallow depth of field, photorealistic, unretouched",shot from slightly below eye level,full body,hard directional sunlight,soft gradient backdrop,neutral
models,f_slav_30s_avg__018,f_slav_30s_avg,"photorealistic photograph of a Slavic European woman in her early 30s, average build, fair rosy skin, mid-length auburn hair, green eyes and a square jaw, wearing a plain grey knit top and black trousers, full body, head to feet, front view, facing camera, strong side light, plain light grey studio backdrop, neutral expression, natural skin texture, visible pores and fine skin detail, realistic fabric drape, shot on 85mm lens, shallow depth of field, photorealistic, unretouched",front view,full body,strong side light,plain light grey studio backdrop,neutral
models,f_slav_30s_avg__019,f_slav_30s_avg,"photorealistic photograph of a Slavic European woman in her early 30s, average build, fair rosy skin, mid-length auburn hair, green eyes and a square jaw, wearing a plain olive shirt and dark jeans, full body, head to feet, three-quarter view turned to the left, rim light from behind, warm beige wall, neutral expression, natural skin texture, visible pores and fine skin detail, realistic fabric drape, shot on 85mm lens, shallow depth of field, photorealistic, unretouched",three-quarter view turned to the left,full body,rim light from behind,warm beige wall,neutral
models,f_slav_30s_avg__020,f_slav_30s_avg,"photorealistic photograph of a Slavic European woman in her early 30s, average build, fair rosy skin, mid-length auburn hair, green eyes and a square jaw, wearing a plain white t-shirt and dark grey trousers, full body, head to feet, three-quarter view turned to the right, soft diffused daylight, white seamless studio, a slight natural smile expression, natural skin texture, visible pores and fine skin detail, realistic fabric drape, shot on 85mm lens, shallow depth of field, photorealistic, unretouched",three-quarter view turned to the right,full body,soft diffused daylight,white seamless studio,a slight natural smile
models,f_slav_30s_avg__021,f_slav_30s_avg,"photorealistic photograph of a Slavic European woman in her early 30s, average build, fair rosy skin, mid-length auburn hair, green eyes and a square jaw, wearing a plain black t-shirt and blue jeans, full body, head to feet, near profile view, hard directional sunlight, blurred outdoor street, a slight natural smile expression, natural skin texture, visible pores and fine skin detail, realistic fabric drape, shot on 85mm lens, shallow depth of field, photorealistic, unretouched",near profile view,full body,hard directional sunlight,blurred outdoor street,a slight natural smile
models,f_slav_30s_avg__022,f_slav_30s_avg,"photorealistic photograph of a Slavic European woman in her early 30s, average build, fair rosy skin, mid-length auburn hair, green eyes and a square jaw, wearing a plain navy long-sleeve top and beige trousers, full body, head to feet, shot from slightly above eye level, strong side light, blurred plain interior, a slight natural smile expression, natural skin texture, visible pores and fine skin detail, realistic fabric drape, shot on 85mm lens, shallow depth of field, photorealistic, unretouched",shot from slightly above eye level,full body,strong side light,blurred plain interior,a slight natural smile
models,f_slav_30s_avg__023,f_slav_30s_avg,"photorealistic photograph of a Slavic European woman in her early 30s, average build, fair rosy skin, mid-length auburn hair, green eyes and a square jaw, wearing a plain grey knit top and black trousers, full body, head to feet, shot from slightly below eye level, rim light from behind, soft gradient backdrop, a slight natural smile expression, natural skin texture, visible pores and fine skin detail, realistic fabric drape, shot on 85mm lens, shallow depth of field, photorealistic, unretouched",shot from slightly below eye level,full body,rim light from behind,soft gradient backdrop,a slight natural smile
models,f_slav_30s_avg__024,f_slav_30s_avg,"photorealistic photograph of a Slavic European woman in her early 30s, average build, fair rosy skin, mid-length auburn hair, green eyes and a square jaw, wearing a plain olive shirt and dark jeans, full body, head to feet, front view, facing camera, soft diffused daylight, plain light grey studio backdrop, a slight natural smile expression, natural skin texture, visible pores and fine skin detail, realistic fabric drape, shot on 85mm lens, shallow depth of field, photorealistic, unretouched",front view,full body,soft diffused daylight,plain light grey studio backdrop,a slight natural smile
models,f_slav_30s_avg__025,f_slav_30s_avg,"photorealistic photograph of a Slavic European woman in her early 30s, average build, fair rosy skin, mid-length auburn hair, green eyes and a square jaw, wearing a plain white t-shirt and dark grey trousers, full body, head to feet, three-quarter view turned to the left, hard directional sunlight, warm beige wall, a slight natural smile expression, natural skin texture, visible pores and fine skin detail, realistic fabric drape, shot on 85mm lens, shallow depth of field, photorealistic, unretouched",three-quarter view turned to the left,full body,hard directional sunlight,warm beige wall,a slight natural smile
models,f_slav_30s_avg__026,f_slav_30s_avg,"photorealistic photograph of a Slavic European woman in her early 30s, average build, fair rosy skin, mid-length auburn hair, green eyes and a square jaw, wearing a plain black t-shirt and blue jeans, full body, head to feet, three-quarter view turned to the right, strong side light, white seamless studio, a slight natural smile expression, natural skin texture, visible pores and fine skin detail, realistic fabric drape, shot on 85mm lens, shallow depth of field, photorealistic, unretouched",three-quarter view turned to the right,full body,strong side light,white seamless studio,a slight natural smile
models,f_slav_30s_avg__027,f_slav_30s_avg,"photorealistic photograph of a Slavic European woman in her early 30s, average build, fair rosy skin, mid-length auburn hair, green eyes and a square jaw, wearing a plain navy long-sleeve top and beige trousers, full body, head to feet, near profile view, rim light from behind, blurred outdoor street, a slight natural smile expression, natural skin texture, visible pores and fine skin detail, realistic fabric drape, shot on 85mm lens, shallow depth of field, photorealistic, unretouched",near profile view,full body,rim light from behind,blurred outdoor street,a slight natural smile
models,f_slav_30s_avg__028,f_slav_30s_avg,"photorealistic photograph of a Slavic European woman in her early 30s, average build, fair rosy skin, mid-length auburn hair, green eyes and a square jaw, wearing a plain grey knit top and black trousers, full body, head to feet, shot from slightly above eye level, soft diffused daylight, blurred plain interior, a slight natural smile expression, natural skin texture, visible pores and fine skin detail, realistic fabric drape, shot on 85mm lens, shallow depth of field, photorealistic, unretouched",shot from slightly above eye level,full body,soft diffused daylight,blurred plain interior,a slight natural smile
models,f_slav_30s_avg__029,f_slav_30s_avg,"photorealistic photograph of a Slavic European woman in her early 30s, average build, fair rosy skin, mid-length auburn hair, green eyes and a square jaw, wearing a plain olive shirt and dark jeans, full body, head to feet, shot from slightly below eye level, hard directional sunlight, soft gradient backdrop, a slight natural smile expression, natural skin texture, visible pores and fine skin detail, realistic fabric drape, shot on 85mm lens, shallow depth of field, photorealistic, unretouched",shot from slightly below eye level,full body,hard directional sunlight,soft gradient backdrop,a slight natural smile
models,m_cauz_20s_slim__000,m_cauz_20s_slim,"photorealistic photograph of a Central Asian man in his early 20s, slim build, light olive skin, short black hair, clean shaven, a narrow face and sharp cheekbones, wearing a plain white t-shirt and dark grey trousers, headshot, front view, facing camera, soft diffused daylight, plain light grey studio backdrop, neutral expression, natural skin texture, visible pores and fine skin detail, realistic fabric drape, shot on 85mm lens, shallow depth of field, photorealistic, unretouched",front view,headshot,soft diffused daylight,plain light grey studio backdrop,neutral
models,m_cauz_20s_slim__001,m_cauz_20s_slim,"photorealistic photograph of a Central Asian man in his early 20s, slim build, light olive skin, short black hair, clean shaven, a narrow face and sharp cheekbones, wearing a plain black t-shirt and blue jeans, headshot, three-quarter view turned to the left, hard directional sunlight, warm beige wall, neutral expression, natural skin texture, visible pores and fine skin detail, realistic fabric drape, shot on 85mm lens, shallow depth of field, photorealistic, unretouched",three-quarter view turned to the left,headshot,hard directional sunlight,warm beige wall,neutral
models,m_cauz_20s_slim__002,m_cauz_20s_slim,"photorealistic photograph of a Central Asian man in his early 20s, slim build, light olive skin, short black hair, clean shaven, a narrow face and sharp cheekbones, wearing a plain navy long-sleeve top and beige trousers, headshot, three-quarter view turned to the right, strong side light, white seamless studio, neutral expression, natural skin texture, visible pores and fine skin detail, realistic fabric drape, shot on 85mm lens, shallow depth of field, photorealistic, unretouched",three-quarter view turned to the right,headshot,strong side light,white seamless studio,neutral
models,m_cauz_20s_slim__003,m_cauz_20s_slim,"photorealistic photograph of a Central Asian man in his early 20s, slim build, light olive skin, short black hair, clean shaven, a narrow face and sharp cheekbones, wearing a plain grey knit top and black trousers, headshot, near profile view, rim light from behind, blurred outdoor street, neutral expression, natural skin texture, visible pores and fine skin detail, realistic fabric drape, shot on 85mm lens, shallow depth of field, photorealistic, unretouched",near profile view,headshot,rim light from behind,blurred outdoor street,neutral
models,m_cauz_20s_slim__004,m_cauz_20s_slim,"photorealistic photograph of a Central Asian man in his early 20s, slim build, light olive skin, short black hair, clean shaven, a narrow face and sharp cheekbones, wearing a plain olive shirt and dark jeans, half body, from the waist up, shot from slightly above eye level, soft diffused daylight, blurred plain interior, neutral expression, natural skin texture, visible pores and fine skin detail, realistic fabric drape, shot on 85mm lens, shallow depth of field, photorealistic, unretouched",shot from slightly above eye level,half body,soft diffused daylight,blurred plain interior,neutral
models,m_cauz_20s_slim__005,m_cauz_20s_slim,"photorealistic photograph of a Central Asian man in his early 20s, slim build, light olive skin, short black hair, clean shaven, a narrow face and sharp cheekbones, wearing a plain white t-shirt and dark grey trousers, half body, from the waist up, shot from slightly below eye level, hard directional sunlight, soft gradient backdrop, neutral expression, natural skin texture, visible pores and fine skin detail, realistic fabric drape, shot on 85mm lens, shallow depth of field, photorealistic, unretouched",shot from slightly below eye level,half body,hard directional sunlight,soft gradient backdrop,neutral
models,m_cauz_20s_slim__006,m_cauz_20s_slim,"photorealistic photograph of a Central Asian man in his early 20s, slim build, light olive skin, short black hair, clean shaven, a narrow face and sharp cheekbones, wearing a plain black t-shirt and blue jeans, half body, from the waist up, front view, facing camera, strong side light, plain light grey studio backdrop, neutral expression, natural skin texture, visible pores and fine skin detail, realistic fabric drape, shot on 85mm lens, shallow depth of field, photorealistic, unretouched",front view,half body,strong side light,plain light grey studio backdrop,neutral
models,m_cauz_20s_slim__007,m_cauz_20s_slim,"photorealistic photograph of a Central Asian man in his early 20s, slim build, light olive skin, short black hair, clean shaven, a narrow face and sharp cheekbones, wearing a plain navy long-sleeve top and beige trousers, half body, from the waist up, three-quarter view turned to the left, rim light from behind, warm beige wall, neutral expression, natural skin texture, visible pores and fine skin detail, realistic fabric drape, shot on 85mm lens, shallow depth of field, photorealistic, unretouched",three-quarter view turned to the left,half body,rim light from behind,warm beige wall,neutral
models,m_cauz_20s_slim__008,m_cauz_20s_slim,"photorealistic photograph of a Central Asian man in his early 20s, slim build, light olive skin, short black hair, clean shaven, a narrow face and sharp cheekbones, wearing a plain grey knit top and black trousers, half body, from the waist up, three-quarter view turned to the right, soft diffused daylight, white seamless studio, neutral expression, natural skin texture, visible pores and fine skin detail, realistic fabric drape, shot on 85mm lens, shallow depth of field, photorealistic, unretouched",three-quarter view turned to the right,half body,soft diffused daylight,white seamless studio,neutral
models,m_cauz_20s_slim__009,m_cauz_20s_slim,"photorealistic photograph of a Central Asian man in his early 20s, slim build, light olive skin, short black hair, clean shaven, a narrow face and sharp cheekbones, wearing a plain olive shirt and dark jeans, half body, from the waist up, near profile view, hard directional sunlight, blurred outdoor street, neutral expression, natural skin texture, visible pores and fine skin detail, realistic fabric drape, shot on 85mm lens, shallow depth of field, photorealistic, unretouched",near profile view,half body,hard directional sunlight,blurred outdoor street,neutral
models,m_cauz_20s_slim__010,m_cauz_20s_slim,"photorealistic photograph of a Central Asian man in his early 20s, slim build, light olive skin, short black hair, clean shaven, a narrow face and sharp cheekbones, wearing a plain white t-shirt and dark grey trousers, half body, from the waist up, shot from slightly above eye level, strong side light, blurred plain interior, neutral expression, natural skin texture, visible pores and fine skin detail, realistic fabric drape, shot on 85mm lens, shallow depth of field, photorealistic, unretouched",shot from slightly above eye level,half body,strong side light,blurred plain interior,neutral
models,m_cauz_20s_slim__011,m_cauz_20s_slim,"photorealistic photograph of a Central Asian man in his early 20s, slim build, light olive skin, short black hair, clean shaven, a narrow face and sharp cheekbones, wearing a plain black t-shirt and blue jeans, half body, from the waist up, shot from slightly below eye level, rim light from behind, soft gradient backdrop, neutral expression, natural skin texture, visible pores and fine skin detail, realistic fabric drape, shot on 85mm lens, shallow depth of field, photorealistic, unretouched",shot from slightly below eye level,half body,rim light from behind,soft gradient backdrop,neutral
models,m_cauz_20s_slim__012,m_cauz_20s_slim,"photorealistic photograph of a Central Asian man in his early 20s, slim build, light olive skin, short black hair, clean shaven, a narrow face and sharp cheekbones, wearing a plain navy long-sleeve top and beige trousers, half body, from the waist up, front view, facing camera, soft diffused daylight, plain light grey studio backdrop, neutral expression, natural skin texture, visible pores and fine skin detail, realistic fabric drape, shot on 85mm lens, shallow depth of field, photorealistic, unretouched",front view,half body,soft diffused daylight,plain light grey studio backdrop,neutral
models,m_cauz_20s_slim__013,m_cauz_20s_slim,"photorealistic photograph of a Central Asian man in his early 20s, slim build, light olive skin, short black hair, clean shaven, a narrow face and sharp cheekbones, wearing a plain grey knit top and black trousers, full body, head to feet, three-quarter view turned to the left, hard directional sunlight, warm beige wall, neutral expression, natural skin texture, visible pores and fine skin detail, realistic fabric drape, shot on 85mm lens, shallow depth of field, photorealistic, unretouched",three-quarter view turned to the left,full body,hard directional sunlight,warm beige wall,neutral
models,m_cauz_20s_slim__014,m_cauz_20s_slim,"photorealistic photograph of a Central Asian man in his early 20s, slim build, light olive skin, short black hair, clean shaven, a narrow face and sharp cheekbones, wearing a plain olive shirt and dark jeans, full body, head to feet, three-quarter view turned to the right, strong side light, white seamless studio, neutral expression, natural skin texture, visible pores and fine skin detail, realistic fabric drape, shot on 85mm lens, shallow depth of field, photorealistic, unretouched",three-quarter view turned to the right,full body,strong side light,white seamless studio,neutral
models,m_cauz_20s_slim__015,m_cauz_20s_slim,"photorealistic photograph of a Central Asian man in his early 20s, slim build, light olive skin, short black hair, clean shaven, a narrow face and sharp cheekbones, wearing a plain white t-shirt and dark grey trousers, full body, head to feet, near profile view, rim light from behind, blurred outdoor street, neutral expression, natural skin texture, visible pores and fine skin detail, realistic fabric drape, shot on 85mm lens, shallow depth of field, photorealistic, unretouched",near profile view,full body,rim light from behind,blurred outdoor street,neutral
models,m_cauz_20s_slim__016,m_cauz_20s_slim,"photorealistic photograph of a Central Asian man in his early 20s, slim build, light olive skin, short black hair, clean shaven, a narrow face and sharp cheekbones, wearing a plain black t-shirt and blue jeans, full body, head to feet, shot from slightly above eye level, soft diffused daylight, blurred plain interior, neutral expression, natural skin texture, visible pores and fine skin detail, realistic fabric drape, shot on 85mm lens, shallow depth of field, photorealistic, unretouched",shot from slightly above eye level,full body,soft diffused daylight,blurred plain interior,neutral
models,m_cauz_20s_slim__017,m_cauz_20s_slim,"photorealistic photograph of a Central Asian man in his early 20s, slim build, light olive skin, short black hair, clean shaven, a narrow face and sharp cheekbones, wearing a plain navy long-sleeve top and beige trousers, full body, head to feet, shot from slightly below eye level, hard directional sunlight, soft gradient backdrop, neutral expression, natural skin texture, visible pores and fine skin detail, realistic fabric drape, shot on 85mm lens, shallow depth of field, photorealistic, unretouched",shot from slightly below eye level,full body,hard directional sunlight,soft gradient backdrop,neutral
models,m_cauz_20s_slim__018,m_cauz_20s_slim,"photorealistic photograph of a Central Asian man in his early 20s, slim build, light olive skin, short black hair, clean shaven, a narrow face and sharp cheekbones, wearing a plain grey knit top and black trousers, full body, head to feet, front view, facing camera, strong side light, plain light grey studio backdrop, neutral expression, natural skin texture, visible pores and fine skin detail, realistic fabric drape, shot on 85mm lens, shallow depth of field, photorealistic, unretouched",front view,full body,strong side light,plain light grey studio backdrop,neutral
models,m_cauz_20s_slim__019,m_cauz_20s_slim,"photorealistic photograph of a Central Asian man in his early 20s, slim build, light olive skin, short black hair, clean shaven, a narrow face and sharp cheekbones, wearing a plain olive shirt and dark jeans, full body, head to feet, three-quarter view turned to the left, rim light from behind, warm beige wall, neutral expression, natural skin texture, visible pores and fine skin detail, realistic fabric drape, shot on 85mm lens, shallow depth of field, photorealistic, unretouched",three-quarter view turned to the left,full body,rim light from behind,warm beige wall,neutral
models,m_cauz_20s_slim__020,m_cauz_20s_slim,"photorealistic photograph of a Central Asian man in his early 20s, slim build, light olive skin, short black hair, clean shaven, a narrow face and sharp cheekbones, wearing a plain white t-shirt and dark grey trousers, full body, head to feet, three-quarter view turned to the right, soft diffused daylight, white seamless studio, a slight natural smile expression, natural skin texture, visible pores and fine skin detail, realistic fabric drape, shot on 85mm lens, shallow depth of field, photorealistic, unretouched",three-quarter view turned to the right,full body,soft diffused daylight,white seamless studio,a slight natural smile
models,m_cauz_20s_slim__021,m_cauz_20s_slim,"photorealistic photograph of a Central Asian man in his early 20s, slim build, light olive skin, short black hair, clean shaven, a narrow face and sharp cheekbones, wearing a plain black t-shirt and blue jeans, full body, head to feet, near profile view, hard directional sunlight, blurred outdoor street, a slight natural smile expression, natural skin texture, visible pores and fine skin detail, realistic fabric drape, shot on 85mm lens, shallow depth of field, photorealistic, unretouched",near profile view,full body,hard directional sunlight,blurred outdoor street,a slight natural smile
models,m_cauz_20s_slim__022,m_cauz_20s_slim,"photorealistic photograph of a Central Asian man in his early 20s, slim build, light olive skin, short black hair, clean shaven, a narrow face and sharp cheekbones, wearing a plain navy long-sleeve top and beige trousers, full body, head to feet, shot from slightly above eye level, strong side light, blurred plain interior, a slight natural smile expression, natural skin texture, visible pores and fine skin detail, realistic fabric drape, shot on 85mm lens, shallow depth of field, photorealistic, unretouched",shot from slightly above eye level,full body,strong side light,blurred plain interior,a slight natural smile
models,m_cauz_20s_slim__023,m_cauz_20s_slim,"photorealistic photograph of a Central Asian man in his early 20s, slim build, light olive skin, short black hair, clean shaven, a narrow face and sharp cheekbones, wearing a plain grey knit top and black trousers, full body, head to feet, shot from slightly below eye level, rim light from behind, soft gradient backdrop, a slight natural smile expression, natural skin texture, visible pores and fine skin detail, realistic fabric drape, shot on 85mm lens, shallow depth of field, photorealistic, unretouched",shot from slightly below eye level,full body,rim light from behind,soft gradient backdrop,a slight natural smile
models,m_cauz_20s_slim__024,m_cauz_20s_slim,"photorealistic photograph of a Central Asian man in his early 20s, slim build, light olive skin, short black hair, clean shaven, a narrow face and sharp cheekbones, wearing a plain olive shirt and dark jeans, full body, head to feet, front view, facing camera, soft diffused daylight, plain light grey studio backdrop, a slight natural smile expression, natural skin texture, visible pores and fine skin detail, realistic fabric drape, shot on 85mm lens, shallow depth of field, photorealistic, unretouched",front view,full body,soft diffused daylight,plain light grey studio backdrop,a slight natural smile
models,m_cauz_20s_slim__025,m_cauz_20s_slim,"photorealistic photograph of a Central Asian man in his early 20s, slim build, light olive skin, short black hair, clean shaven, a narrow face and sharp cheekbones, wearing a plain white t-shirt and dark grey trousers, full body, head to feet, three-quarter view turned to the left, hard directional sunlight, warm beige wall, a slight natural smile expression, natural skin texture, visible pores and fine skin detail, realistic fabric drape, shot on 85mm lens, shallow depth of field, photorealistic, unretouched",three-quarter view turned to the left,full body,hard directional sunlight,warm beige wall,a slight natural smile
models,m_cauz_20s_slim__026,m_cauz_20s_slim,"photorealistic photograph of a Central Asian man in his early 20s, slim build, light olive skin, short black hair, clean shaven, a narrow face and sharp cheekbones, wearing a plain black t-shirt and blue jeans, full body, head to feet, three-quarter view turned to the right, strong side light, white seamless studio, a slight natural smile expression, natural skin texture, visible pores and fine skin detail, realistic fabric drape, shot on 85mm lens, shallow depth of field, photorealistic, unretouched",three-quarter view turned to the right,full body,strong side light,white seamless studio,a slight natural smile
models,m_cauz_20s_slim__027,m_cauz_20s_slim,"photorealistic photograph of a Central Asian man in his early 20s, slim build, light olive skin, short black hair, clean shaven, a narrow face and sharp cheekbones, wearing a plain navy long-sleeve top and beige trousers, full body, head to feet, near profile view, rim light from behind, blurred outdoor street, a slight natural smile expression, natural skin texture, visible pores and fine skin detail, realistic fabric drape, shot on 85mm lens, shallow depth of field, photorealistic, unretouched",near profile view,full body,rim light from behind,blurred outdoor street,a slight natural smile
models,m_cauz_20s_slim__028,m_cauz_20s_slim,"photorealistic photograph of a Central Asian man in his early 20s, slim build, light olive skin, short black hair, clean shaven, a narrow face and sharp cheekbones, wearing a plain grey knit top and black trousers, full body, head to feet, shot from slightly above eye level, soft diffused daylight, blurred plain interior, a slight natural smile expression, natural skin texture, visible pores and fine skin detail, realistic fabric drape, shot on 85mm lens, shallow depth of field, photorealistic, unretouched",shot from slightly above eye level,full body,soft diffused daylight,blurred plain interior,a slight natural smile
models,m_cauz_20s_slim__029,m_cauz_20s_slim,"photorealistic photograph of a Central Asian man in his early 20s, slim build, light olive skin, short black hair, clean shaven, a narrow face and sharp cheekbones, wearing a plain olive shirt and dark jeans, full body, head to feet, shot from slightly below eye level, hard directional sunlight, soft gradient backdrop, a slight natural smile expression, natural skin texture, visible pores and fine skin detail, realistic fabric drape, shot on 85mm lens, shallow depth of field, photorealistic, unretouched",shot from slightly below eye level,full body,hard directional sunlight,soft gradient backdrop,a slight natural smile
models,m_cauz_30s_avg__000,m_cauz_30s_avg,"photorealistic photograph of a Central Asian man in his early 30s, average build, tan skin, short dark hair with a trimmed beard, a square face and heavy brows, wearing a plain white t-shirt and dark grey trousers, headshot, front view, facing camera, soft diffused daylight, plain light grey studio backdrop, neutral expression, natural skin texture, visible pores and fine skin detail, realistic fabric drape, shot on 85mm lens, shallow depth of field, photorealistic, unretouched",front view,headshot,soft diffused daylight,plain light grey studio backdrop,neutral
models,m_cauz_30s_avg__001,m_cauz_30s_avg,"photorealistic photograph of a Central Asian man in his early 30s, average build, tan skin, short dark hair with a trimmed beard, a square face and heavy brows, wearing a plain black t-shirt and blue jeans, headshot, three-quarter view turned to the left, hard directional sunlight, warm beige wall, neutral expression, natural skin texture, visible pores and fine skin detail, realistic fabric drape, shot on 85mm lens, shallow depth of field, photorealistic, unretouched",three-quarter view turned to the left,headshot,hard directional sunlight,warm beige wall,neutral
models,m_cauz_30s_avg__002,m_cauz_30s_avg,"photorealistic photograph of a Central Asian man in his early 30s, average build, tan skin, short dark hair with a trimmed beard, a square face and heavy brows, wearing a plain navy long-sleeve top and beige trousers, headshot, three-quarter view turned to the right, strong side light, white seamless studio, neutral expression, natural skin texture, visible pores and fine skin detail, realistic fabric drape, shot on 85mm lens, shallow depth of field, photorealistic, unretouched",three-quarter view turned to the right,headshot,strong side light,white seamless studio,neutral
models,m_cauz_30s_avg__003,m_cauz_30s_avg,"photorealistic photograph of a Central Asian man in his early 30s, average build, tan skin, short dark hair with a trimmed beard, a square face and heavy brows, wearing a plain grey knit top and black trousers, headshot, near profile view, rim light from behind, blurred outdoor street, neutral expression, natural skin texture, visible pores and fine skin detail, realistic fabric drape, shot on 85mm lens, shallow depth of field, photorealistic, unretouched",near profile view,headshot,rim light from behind,blurred outdoor street,neutral
models,m_cauz_30s_avg__004,m_cauz_30s_avg,"photorealistic photograph of a Central Asian man in his early 30s, average build, tan skin, short dark hair with a trimmed beard, a square face and heavy brows, wearing a plain olive shirt and dark jeans, half body, from the waist up, shot from slightly above eye level, soft diffused daylight, blurred plain interior, neutral expression, natural skin texture, visible pores and fine skin detail, realistic fabric drape, shot on 85mm lens, shallow depth of field, photorealistic, unretouched",shot from slightly above eye level,half body,soft diffused daylight,blurred plain interior,neutral
models,m_cauz_30s_avg__005,m_cauz_30s_avg,"photorealistic photograph of a Central Asian man in his early 30s, average build, tan skin, short dark hair with a trimmed beard, a square face and heavy brows, wearing a plain white t-shirt and dark grey trousers, half body, from the waist up, shot from slightly below eye level, hard directional sunlight, soft gradient backdrop, neutral expression, natural skin texture, visible pores and fine skin detail, realistic fabric drape, shot on 85mm lens, shallow depth of field, photorealistic, unretouched",shot from slightly below eye level,half body,hard directional sunlight,soft gradient backdrop,neutral
models,m_cauz_30s_avg__006,m_cauz_30s_avg,"photorealistic photograph of a Central Asian man in his early 30s, average build, tan skin, short dark hair with a trimmed beard, a square face and heavy brows, wearing a plain black t-shirt and blue jeans, half body, from the waist up, front view, facing camera, strong side light, plain light grey studio backdrop, neutral expression, natural skin texture, visible pores and fine skin detail, realistic fabric drape, shot on 85mm lens, shallow depth of field, photorealistic, unretouched",front view,half body,strong side light,plain light grey studio backdrop,neutral
models,m_cauz_30s_avg__007,m_cauz_30s_avg,"photorealistic photograph of a Central Asian man in his early 30s, average build, tan skin, short dark hair with a trimmed beard, a square face and heavy brows, wearing a plain navy long-sleeve top and beige trousers, half body, from the waist up, three-quarter view turned to the left, rim light from behind, warm beige wall, neutral expression, natural skin texture, visible pores and fine skin detail, realistic fabric drape, shot on 85mm lens, shallow depth of field, photorealistic, unretouched",three-quarter view turned to the left,half body,rim light from behind,warm beige wall,neutral
models,m_cauz_30s_avg__008,m_cauz_30s_avg,"photorealistic photograph of a Central Asian man in his early 30s, average build, tan skin, short dark hair with a trimmed beard, a square face and heavy brows, wearing a plain grey knit top and black trousers, half body, from the waist up, three-quarter view turned to the right, soft diffused daylight, white seamless studio, neutral expression, natural skin texture, visible pores and fine skin detail, realistic fabric drape, shot on 85mm lens, shallow depth of field, photorealistic, unretouched",three-quarter view turned to the right,half body,soft diffused daylight,white seamless studio,neutral
models,m_cauz_30s_avg__009,m_cauz_30s_avg,"photorealistic photograph of a Central Asian man in his early 30s, average build, tan skin, short dark hair with a trimmed beard, a square face and heavy brows, wearing a plain olive shirt and dark jeans, half body, from the waist up, near profile view, hard directional sunlight, blurred outdoor street, neutral expression, natural skin texture, visible pores and fine skin detail, realistic fabric drape, shot on 85mm lens, shallow depth of field, photorealistic, unretouched",near profile view,half body,hard directional sunlight,blurred outdoor street,neutral
models,m_cauz_30s_avg__010,m_cauz_30s_avg,"photorealistic photograph of a Central Asian man in his early 30s, average build, tan skin, short dark hair with a trimmed beard, a square face and heavy brows, wearing a plain white t-shirt and dark grey trousers, half body, from the waist up, shot from slightly above eye level, strong side light, blurred plain interior, neutral expression, natural skin texture, visible pores and fine skin detail, realistic fabric drape, shot on 85mm lens, shallow depth of field, photorealistic, unretouched",shot from slightly above eye level,half body,strong side light,blurred plain interior,neutral
models,m_cauz_30s_avg__011,m_cauz_30s_avg,"photorealistic photograph of a Central Asian man in his early 30s, average build, tan skin, short dark hair with a trimmed beard, a square face and heavy brows, wearing a plain black t-shirt and blue jeans, half body, from the waist up, shot from slightly below eye level, rim light from behind, soft gradient backdrop, neutral expression, natural skin texture, visible pores and fine skin detail, realistic fabric drape, shot on 85mm lens, shallow depth of field, photorealistic, unretouched",shot from slightly below eye level,half body,rim light from behind,soft gradient backdrop,neutral
models,m_cauz_30s_avg__012,m_cauz_30s_avg,"photorealistic photograph of a Central Asian man in his early 30s, average build, tan skin, short dark hair with a trimmed beard, a square face and heavy brows, wearing a plain navy long-sleeve top and beige trousers, half body, from the waist up, front view, facing camera, soft diffused daylight, plain light grey studio backdrop, neutral expression, natural skin texture, visible pores and fine skin detail, realistic fabric drape, shot on 85mm lens, shallow depth of field, photorealistic, unretouched",front view,half body,soft diffused daylight,plain light grey studio backdrop,neutral
models,m_cauz_30s_avg__013,m_cauz_30s_avg,"photorealistic photograph of a Central Asian man in his early 30s, average build, tan skin, short dark hair with a trimmed beard, a square face and heavy brows, wearing a plain grey knit top and black trousers, full body, head to feet, three-quarter view turned to the left, hard directional sunlight, warm beige wall, neutral expression, natural skin texture, visible pores and fine skin detail, realistic fabric drape, shot on 85mm lens, shallow depth of field, photorealistic, unretouched",three-quarter view turned to the left,full body,hard directional sunlight,warm beige wall,neutral
models,m_cauz_30s_avg__014,m_cauz_30s_avg,"photorealistic photograph of a Central Asian man in his early 30s, average build, tan skin, short dark hair with a trimmed beard, a square face and heavy brows, wearing a plain olive shirt and dark jeans, full body, head to feet, three-quarter view turned to the right, strong side light, white seamless studio, neutral expression, natural skin texture, visible pores and fine skin detail, realistic fabric drape, shot on 85mm lens, shallow depth of field, photorealistic, unretouched",three-quarter view turned to the right,full body,strong side light,white seamless studio,neutral
models,m_cauz_30s_avg__015,m_cauz_30s_avg,"photorealistic photograph of a Central Asian man in his early 30s, average build, tan skin, short dark hair with a trimmed beard, a square face and heavy brows, wearing a plain white t-shirt and dark grey trousers, full body, head to feet, near profile view, rim light from behind, blurred outdoor street, neutral expression, natural skin texture, visible pores and fine skin detail, realistic fabric drape, shot on 85mm lens, shallow depth of field, photorealistic, unretouched",near profile view,full body,rim light from behind,blurred outdoor street,neutral
models,m_cauz_30s_avg__016,m_cauz_30s_avg,"photorealistic photograph of a Central Asian man in his early 30s, average build, tan skin, short dark hair with a trimmed beard, a square face and heavy brows, wearing a plain black t-shirt and blue jeans, full body, head to feet, shot from slightly above eye level, soft diffused daylight, blurred plain interior, neutral expression, natural skin texture, visible pores and fine skin detail, realistic fabric drape, shot on 85mm lens, shallow depth of field, photorealistic, unretouched",shot from slightly above eye level,full body,soft diffused daylight,blurred plain interior,neutral
models,m_cauz_30s_avg__017,m_cauz_30s_avg,"photorealistic photograph of a Central Asian man in his early 30s, average build, tan skin, short dark hair with a trimmed beard, a square face and heavy brows, wearing a plain navy long-sleeve top and beige trousers, full body, head to feet, shot from slightly below eye level, hard directional sunlight, soft gradient backdrop, neutral expression, natural skin texture, visible pores and fine skin detail, realistic fabric drape, shot on 85mm lens, shallow depth of field, photorealistic, unretouched",shot from slightly below eye level,full body,hard directional sunlight,soft gradient backdrop,neutral
models,m_cauz_30s_avg__018,m_cauz_30s_avg,"photorealistic photograph of a Central Asian man in his early 30s, average build, tan skin, short dark hair with a trimmed beard, a square face and heavy brows, wearing a plain grey knit top and black trousers, full body, head to feet, front view, facing camera, strong side light, plain light grey studio backdrop, neutral expression, natural skin texture, visible pores and fine skin detail, realistic fabric drape, shot on 85mm lens, shallow depth of field, photorealistic, unretouched",front view,full body,strong side light,plain light grey studio backdrop,neutral
models,m_cauz_30s_avg__019,m_cauz_30s_avg,"photorealistic photograph of a Central Asian man in his early 30s, average build, tan skin, short dark hair with a trimmed beard, a square face and heavy brows, wearing a plain olive shirt and dark jeans, full body, head to feet, three-quarter view turned to the left, rim light from behind, warm beige wall, neutral expression, natural skin texture, visible pores and fine skin detail, realistic fabric drape, shot on 85mm lens, shallow depth of field, photorealistic, unretouched",three-quarter view turned to the left,full body,rim light from behind,warm beige wall,neutral
models,m_cauz_30s_avg__020,m_cauz_30s_avg,"photorealistic photograph of a Central Asian man in his early 30s, average build, tan skin, short dark hair with a trimmed beard, a square face and heavy brows, wearing a plain white t-shirt and dark grey trousers, full body, head to feet, three-quarter view turned to the right, soft diffused daylight, white seamless studio, a slight natural smile expression, natural skin texture, visible pores and fine skin detail, realistic fabric drape, shot on 85mm lens, shallow depth of field, photorealistic, unretouched",three-quarter view turned to the right,full body,soft diffused daylight,white seamless studio,a slight natural smile
models,m_cauz_30s_avg__021,m_cauz_30s_avg,"photorealistic photograph of a Central Asian man in his early 30s, average build, tan skin, short dark hair with a trimmed beard, a square face and heavy brows, wearing a plain black t-shirt and blue jeans, full body, head to feet, near profile view, hard directional sunlight, blurred outdoor street, a slight natural smile expression, natural skin texture, visible pores and fine skin detail, realistic fabric drape, shot on 85mm lens, shallow depth of field, photorealistic, unretouched",near profile view,full body,hard directional sunlight,blurred outdoor street,a slight natural smile
models,m_cauz_30s_avg__022,m_cauz_30s_avg,"photorealistic photograph of a Central Asian man in his early 30s, average build, tan skin, short dark hair with a trimmed beard, a square face and heavy brows, wearing a plain navy long-sleeve top and beige trousers, full body, head to feet, shot from slightly above eye level, strong side light, blurred plain interior, a slight natural smile expression, natural skin texture, visible pores and fine skin detail, realistic fabric drape, shot on 85mm lens, shallow depth of field, photorealistic, unretouched",shot from slightly above eye level,full body,strong side light,blurred plain interior,a slight natural smile
models,m_cauz_30s_avg__023,m_cauz_30s_avg,"photorealistic photograph of a Central Asian man in his early 30s, average build, tan skin, short dark hair with a trimmed beard, a square face and heavy brows, wearing a plain grey knit top and black trousers, full body, head to feet, shot from slightly below eye level, rim light from behind, soft gradient backdrop, a slight natural smile expression, natural skin texture, visible pores and fine skin detail, realistic fabric drape, shot on 85mm lens, shallow depth of field, photorealistic, unretouched",shot from slightly below eye level,full body,rim light from behind,soft gradient backdrop,a slight natural smile
models,m_cauz_30s_avg__024,m_cauz_30s_avg,"photorealistic photograph of a Central Asian man in his early 30s, average build, tan skin, short dark hair with a trimmed beard, a square face and heavy brows, wearing a plain olive shirt and dark jeans, full body, head to feet, front view, facing camera, soft diffused daylight, plain light grey studio backdrop, a slight natural smile expression, natural skin texture, visible pores and fine skin detail, realistic fabric drape, shot on 85mm lens, shallow depth of field, photorealistic, unretouched",front view,full body,soft diffused daylight,plain light grey studio backdrop,a slight natural smile
models,m_cauz_30s_avg__025,m_cauz_30s_avg,"photorealistic photograph of a Central Asian man in his early 30s, average build, tan skin, short dark hair with a trimmed beard, a square face and heavy brows, wearing a plain white t-shirt and dark grey trousers, full body, head to feet, three-quarter view turned to the left, hard directional sunlight, warm beige wall, a slight natural smile expression, natural skin texture, visible pores and fine skin detail, realistic fabric drape, shot on 85mm lens, shallow depth of field, photorealistic, unretouched",three-quarter view turned to the left,full body,hard directional sunlight,warm beige wall,a slight natural smile
models,m_cauz_30s_avg__026,m_cauz_30s_avg,"photorealistic photograph of a Central Asian man in his early 30s, average build, tan skin, short dark hair with a trimmed beard, a square face and heavy brows, wearing a plain black t-shirt and blue jeans, full body, head to feet, three-quarter view turned to the right, strong side light, white seamless studio, a slight natural smile expression, natural skin texture, visible pores and fine skin detail, realistic fabric drape, shot on 85mm lens, shallow depth of field, photorealistic, unretouched",three-quarter view turned to the right,full body,strong side light,white seamless studio,a slight natural smile
models,m_cauz_30s_avg__027,m_cauz_30s_avg,"photorealistic photograph of a Central Asian man in his early 30s, average build, tan skin, short dark hair with a trimmed beard, a square face and heavy brows, wearing a plain navy long-sleeve top and beige trousers, full body, head to feet, near profile view, rim light from behind, blurred outdoor street, a slight natural smile expression, natural skin texture, visible pores and fine skin detail, realistic fabric drape, shot on 85mm lens, shallow depth of field, photorealistic, unretouched",near profile view,full body,rim light from behind,blurred outdoor street,a slight natural smile
models,m_cauz_30s_avg__028,m_cauz_30s_avg,"photorealistic photograph of a Central Asian man in his early 30s, average build, tan skin, short dark hair with a trimmed beard, a square face and heavy brows, wearing a plain grey knit top and black trousers, full body, head to feet, shot from slightly above eye level, soft diffused daylight, blurred plain interior, a slight natural smile expression, natural skin texture, visible pores and fine skin detail, realistic fabric drape, shot on 85mm lens, shallow depth of field, photorealistic, unretouched",shot from slightly above eye level,full body,soft diffused daylight,blurred plain interior,a slight natural smile
models,m_cauz_30s_avg__029,m_cauz_30s_avg,"photorealistic photograph of a Central Asian man in his early 30s, average build, tan skin, short dark hair with a trimmed beard, a square face and heavy brows, wearing a plain olive shirt and dark jeans, full body, head to feet, shot from slightly below eye level, hard directional sunlight, soft gradient backdrop, a slight natural smile expression, natural skin texture, visible pores and fine skin detail, realistic fabric drape, shot on 85mm lens, shallow depth of field, photorealistic, unretouched",shot from slightly below eye level,full body,hard directional sunlight,soft gradient backdrop,a slight natural smile
models,m_cauz_40s_avg__000,m_cauz_40s_avg,"photorealistic photograph of a Central Asian man in his late 40s, average build, weathered brown skin, greying short hair and a moustache, a lined forehead and a broad nose, wearing a plain white t-shirt and dark grey trousers, headshot, front view, facing camera, soft diffused daylight, plain light grey studio backdrop, neutral expression, natural skin texture, visible pores and fine skin detail, realistic fabric drape, shot on 85mm lens, shallow depth of field, photorealistic, unretouched",front view,headshot,soft diffused daylight,plain light grey studio backdrop,neutral
models,m_cauz_40s_avg__001,m_cauz_40s_avg,"photorealistic photograph of a Central Asian man in his late 40s, average build, weathered brown skin, greying short hair and a moustache, a lined forehead and a broad nose, wearing a plain black t-shirt and blue jeans, headshot, three-quarter view turned to the left, hard directional sunlight, warm beige wall, neutral expression, natural skin texture, visible pores and fine skin detail, realistic fabric drape, shot on 85mm lens, shallow depth of field, photorealistic, unretouched",three-quarter view turned to the left,headshot,hard directional sunlight,warm beige wall,neutral
models,m_cauz_40s_avg__002,m_cauz_40s_avg,"photorealistic photograph of a Central Asian man in his late 40s, average build, weathered brown skin, greying short hair and a moustache, a lined forehead and a broad nose, wearing a plain navy long-sleeve top and beige trousers, headshot, three-quarter view turned to the right, strong side light, white seamless studio, neutral expression, natural skin texture, visible pores and fine skin detail, realistic fabric drape, shot on 85mm lens, shallow depth of field, photorealistic, unretouched",three-quarter view turned to the right,headshot,strong side light,white seamless studio,neutral
models,m_cauz_40s_avg__003,m_cauz_40s_avg,"photorealistic photograph of a Central Asian man in his late 40s, average build, weathered brown skin, greying short hair and a moustache, a lined forehead and a broad nose, wearing a plain grey knit top and black trousers, headshot, near profile view, rim light from behind, blurred outdoor street, neutral expression, natural skin texture, visible pores and fine skin detail, realistic fabric drape, shot on 85mm lens, shallow depth of field, photorealistic, unretouched",near profile view,headshot,rim light from behind,blurred outdoor street,neutral
models,m_cauz_40s_avg__004,m_cauz_40s_avg,"photorealistic photograph of a Central Asian man in his late 40s, average build, weathered brown skin, greying short hair and a moustache, a lined forehead and a broad nose, wearing a plain olive shirt and dark jeans, half body, from the waist up, shot from slightly above eye level, soft diffused daylight, blurred plain interior, neutral expression, natural skin texture, visible pores and fine skin detail, realistic fabric drape, shot on 85mm lens, shallow depth of field, photorealistic, unretouched",shot from slightly above eye level,half body,soft diffused daylight,blurred plain interior,neutral
models,m_cauz_40s_avg__005,m_cauz_40s_avg,"photorealistic photograph of a Central Asian man in his late 40s, average build, weathered brown skin, greying short hair and a moustache, a lined forehead and a broad nose, wearing a plain white t-shirt and dark grey trousers, half body, from the waist up, shot from slightly below eye level, hard directional sunlight, soft gradient backdrop, neutral expression, natural skin texture, visible pores and fine skin detail, realistic fabric drape, shot on 85mm lens, shallow depth of field, photorealistic, unretouched",shot from slightly below eye level,half body,hard directional sunlight,soft gradient backdrop,neutral
models,m_cauz_40s_avg__006,m_cauz_40s_avg,"photorealistic photograph of a Central Asian man in his late 40s, average build, weathered brown skin, greying short hair and a moustache, a lined forehead and a broad nose, wearing a plain black t-shirt and blue jeans, half body, from the waist up, front view, facing camera, strong side light, plain light grey studio backdrop, neutral expression, natural skin texture, visible pores and fine skin detail, realistic fabric drape, shot on 85mm lens, shallow depth of field, photorealistic, unretouched",front view,half body,strong side light,plain light grey studio backdrop,neutral
models,m_cauz_40s_avg__007,m_cauz_40s_avg,"photorealistic photograph of a Central Asian man in his late 40s, average build, weathered brown skin, greying short hair and a moustache, a lined forehead and a broad nose, wearing a plain navy long-sleeve top and beige trousers, half body, from the waist up, three-quarter view turned to the left, rim light from behind, warm beige wall, neutral expression, natural skin texture, visible pores and fine skin detail, realistic fabric drape, shot on 85mm lens, shallow depth of field, photorealistic, unretouched",three-quarter view turned to the left,half body,rim light from behind,warm beige wall,neutral
models,m_cauz_40s_avg__008,m_cauz_40s_avg,"photorealistic photograph of a Central Asian man in his late 40s, average build, weathered brown skin, greying short hair and a moustache, a lined forehead and a broad nose, wearing a plain grey knit top and black trousers, half body, from the waist up, three-quarter view turned to the right, soft diffused daylight, white seamless studio, neutral expression, natural skin texture, visible pores and fine skin detail, realistic fabric drape, shot on 85mm lens, shallow depth of field, photorealistic, unretouched",three-quarter view turned to the right,half body,soft diffused daylight,white seamless studio,neutral
models,m_cauz_40s_avg__009,m_cauz_40s_avg,"photorealistic photograph of a Central Asian man in his late 40s, average build, weathered brown skin, greying short hair and a moustache, a lined forehead and a broad nose, wearing a plain olive shirt and dark jeans, half body, from the waist up, near profile view, hard directional sunlight, blurred outdoor street, neutral expression, natural skin texture, visible pores and fine skin detail, realistic fabric drape, shot on 85mm lens, shallow depth of field, photorealistic, unretouched",near profile view,half body,hard directional sunlight,blurred outdoor street,neutral
models,m_cauz_40s_avg__010,m_cauz_40s_avg,"photorealistic photograph of a Central Asian man in his late 40s, average build, weathered brown skin, greying short hair and a moustache, a lined forehead and a broad nose, wearing a plain white t-shirt and dark grey trousers, half body, from the waist up, shot from slightly above eye level, strong side light, blurred plain interior, neutral expression, natural skin texture, visible pores and fine skin detail, realistic fabric drape, shot on 85mm lens, shallow depth of field, photorealistic, unretouched",shot from slightly above eye level,half body,strong side light,blurred plain interior,neutral
models,m_cauz_40s_avg__011,m_cauz_40s_avg,"photorealistic photograph of a Central Asian man in his late 40s, average build, weathered brown skin, greying short hair and a moustache, a lined forehead and a broad nose, wearing a plain black t-shirt and blue jeans, half body, from the waist up, shot from slightly below eye level, rim light from behind, soft gradient backdrop, neutral expression, natural skin texture, visible pores and fine skin detail, realistic fabric drape, shot on 85mm lens, shallow depth of field, photorealistic, unretouched",shot from slightly below eye level,half body,rim light from behind,soft gradient backdrop,neutral
models,m_cauz_40s_avg__012,m_cauz_40s_avg,"photorealistic photograph of a Central Asian man in his late 40s, average build, weathered brown skin, greying short hair and a moustache, a lined forehead and a broad nose, wearing a plain navy long-sleeve top and beige trousers, half body, from the waist up, front view, facing camera, soft diffused daylight, plain light grey studio backdrop, neutral expression, natural skin texture, visible pores and fine skin detail, realistic fabric drape, shot on 85mm lens, shallow depth of field, photorealistic, unretouched",front view,half body,soft diffused daylight,plain light grey studio backdrop,neutral
models,m_cauz_40s_avg__013,m_cauz_40s_avg,"photorealistic photograph of a Central Asian man in his late 40s, average build, weathered brown skin, greying short hair and a moustache, a lined forehead and a broad nose, wearing a plain grey knit top and black trousers, full body, head to feet, three-quarter view turned to the left, hard directional sunlight, warm beige wall, neutral expression, natural skin texture, visible pores and fine skin detail, realistic fabric drape, shot on 85mm lens, shallow depth of field, photorealistic, unretouched",three-quarter view turned to the left,full body,hard directional sunlight,warm beige wall,neutral
models,m_cauz_40s_avg__014,m_cauz_40s_avg,"photorealistic photograph of a Central Asian man in his late 40s, average build, weathered brown skin, greying short hair and a moustache, a lined forehead and a broad nose, wearing a plain olive shirt and dark jeans, full body, head to feet, three-quarter view turned to the right, strong side light, white seamless studio, neutral expression, natural skin texture, visible pores and fine skin detail, realistic fabric drape, shot on 85mm lens, shallow depth of field, photorealistic, unretouched",three-quarter view turned to the right,full body,strong side light,white seamless studio,neutral
models,m_cauz_40s_avg__015,m_cauz_40s_avg,"photorealistic photograph of a Central Asian man in his late 40s, average build, weathered brown skin, greying short hair and a moustache, a lined forehead and a broad nose, wearing a plain white t-shirt and dark grey trousers, full body, head to feet, near profile view, rim light from behind, blurred outdoor street, neutral expression, natural skin texture, visible pores and fine skin detail, realistic fabric drape, shot on 85mm lens, shallow depth of field, photorealistic, unretouched",near profile view,full body,rim light from behind,blurred outdoor street,neutral
models,m_cauz_40s_avg__016,m_cauz_40s_avg,"photorealistic photograph of a Central Asian man in his late 40s, average build, weathered brown skin, greying short hair and a moustache, a lined forehead and a broad nose, wearing a plain black t-shirt and blue jeans, full body, head to feet, shot from slightly above eye level, soft diffused daylight, blurred plain interior, neutral expression, natural skin texture, visible pores and fine skin detail, realistic fabric drape, shot on 85mm lens, shallow depth of field, photorealistic, unretouched",shot from slightly above eye level,full body,soft diffused daylight,blurred plain interior,neutral
models,m_cauz_40s_avg__017,m_cauz_40s_avg,"photorealistic photograph of a Central Asian man in his late 40s, average build, weathered brown skin, greying short hair and a moustache, a lined forehead and a broad nose, wearing a plain navy long-sleeve top and beige trousers, full body, head to feet, shot from slightly below eye level, hard directional sunlight, soft gradient backdrop, neutral expression, natural skin texture, visible pores and fine skin detail, realistic fabric drape, shot on 85mm lens, shallow depth of field, photorealistic, unretouched",shot from slightly below eye level,full body,hard directional sunlight,soft gradient backdrop,neutral
models,m_cauz_40s_avg__018,m_cauz_40s_avg,"photorealistic photograph of a Central Asian man in his late 40s, average build, weathered brown skin, greying short hair and a moustache, a lined forehead and a broad nose, wearing a plain grey knit top and black trousers, full body, head to feet, front view, facing camera, strong side light, plain light grey studio backdrop, neutral expression, natural skin texture, visible pores and fine skin detail, realistic fabric drape, shot on 85mm lens, shallow depth of field, photorealistic, unretouched",front view,full body,strong side light,plain light grey studio backdrop,neutral
models,m_cauz_40s_avg__019,m_cauz_40s_avg,"photorealistic photograph of a Central Asian man in his late 40s, average build, weathered brown skin, greying short hair and a moustache, a lined forehead and a broad nose, wearing a plain olive shirt and dark jeans, full body, head to feet, three-quarter view turned to the left, rim light from behind, warm beige wall, neutral expression, natural skin texture, visible pores and fine skin detail, realistic fabric drape, shot on 85mm lens, shallow depth of field, photorealistic, unretouched",three-quarter view turned to the left,full body,rim light from behind,warm beige wall,neutral
models,m_cauz_40s_avg__020,m_cauz_40s_avg,"photorealistic photograph of a Central Asian man in his late 40s, average build, weathered brown skin, greying short hair and a moustache, a lined forehead and a broad nose, wearing a plain white t-shirt and dark grey trousers, full body, head to feet, three-quarter view turned to the right, soft diffused daylight, white seamless studio, a slight natural smile expression, natural skin texture, visible pores and fine skin detail, realistic fabric drape, shot on 85mm lens, shallow depth of field, photorealistic, unretouched",three-quarter view turned to the right,full body,soft diffused daylight,white seamless studio,a slight natural smile
models,m_cauz_40s_avg__021,m_cauz_40s_avg,"photorealistic photograph of a Central Asian man in his late 40s, average build, weathered brown skin, greying short hair and a moustache, a lined forehead and a broad nose, wearing a plain black t-shirt and blue jeans, full body, head to feet, near profile view, hard directional sunlight, blurred outdoor street, a slight natural smile expression, natural skin texture, visible pores and fine skin detail, realistic fabric drape, shot on 85mm lens, shallow depth of field, photorealistic, unretouched",near profile view,full body,hard directional sunlight,blurred outdoor street,a slight natural smile
models,m_cauz_40s_avg__022,m_cauz_40s_avg,"photorealistic photograph of a Central Asian man in his late 40s, average build, weathered brown skin, greying short hair and a moustache, a lined forehead and a broad nose, wearing a plain navy long-sleeve top and beige trousers, full body, head to feet, shot from slightly above eye level, strong side light, blurred plain interior, a slight natural smile expression, natural skin texture, visible pores and fine skin detail, realistic fabric drape, shot on 85mm lens, shallow depth of field, photorealistic, unretouched",shot from slightly above eye level,full body,strong side light,blurred plain interior,a slight natural smile
models,m_cauz_40s_avg__023,m_cauz_40s_avg,"photorealistic photograph of a Central Asian man in his late 40s, average build, weathered brown skin, greying short hair and a moustache, a lined forehead and a broad nose, wearing a plain grey knit top and black trousers, full body, head to feet, shot from slightly below eye level, rim light from behind, soft gradient backdrop, a slight natural smile expression, natural skin texture, visible pores and fine skin detail, realistic fabric drape, shot on 85mm lens, shallow depth of field, photorealistic, unretouched",shot from slightly below eye level,full body,rim light from behind,soft gradient backdrop,a slight natural smile
models,m_cauz_40s_avg__024,m_cauz_40s_avg,"photorealistic photograph of a Central Asian man in his late 40s, average build, weathered brown skin, greying short hair and a moustache, a lined forehead and a broad nose, wearing a plain olive shirt and dark jeans, full body, head to feet, front view, facing camera, soft diffused daylight, plain light grey studio backdrop, a slight natural smile expression, natural skin texture, visible pores and fine skin detail, realistic fabric drape, shot on 85mm lens, shallow depth of field, photorealistic, unretouched",front view,full body,soft diffused daylight,plain light grey studio backdrop,a slight natural smile
models,m_cauz_40s_avg__025,m_cauz_40s_avg,"photorealistic photograph of a Central Asian man in his late 40s, average build, weathered brown skin, greying short hair and a moustache, a lined forehead and a broad nose, wearing a plain white t-shirt and dark grey trousers, full body, head to feet, three-quarter view turned to the left, hard directional sunlight, warm beige wall, a slight natural smile expression, natural skin texture, visible pores and fine skin detail, realistic fabric drape, shot on 85mm lens, shallow depth of field, photorealistic, unretouched",three-quarter view turned to the left,full body,hard directional sunlight,warm beige wall,a slight natural smile
models,m_cauz_40s_avg__026,m_cauz_40s_avg,"photorealistic photograph of a Central Asian man in his late 40s, average build, weathered brown skin, greying short hair and a moustache, a lined forehead and a broad nose, wearing a plain black t-shirt and blue jeans, full body, head to feet, three-quarter view turned to the right, strong side light, white seamless studio, a slight natural smile expression, natural skin texture, visible pores and fine skin detail, realistic fabric drape, shot on 85mm lens, shallow depth of field, photorealistic, unretouched",three-quarter view turned to the right,full body,strong side light,white seamless studio,a slight natural smile
models,m_cauz_40s_avg__027,m_cauz_40s_avg,"photorealistic photograph of a Central Asian man in his late 40s, average build, weathered brown skin, greying short hair and a moustache, a lined forehead and a broad nose, wearing a plain navy long-sleeve top and beige trousers, full body, head to feet, near profile view, rim light from behind, blurred outdoor street, a slight natural smile expression, natural skin texture, visible pores and fine skin detail, realistic fabric drape, shot on 85mm lens, shallow depth of field, photorealistic, unretouched",near profile view,full body,rim light from behind,blurred outdoor street,a slight natural smile
models,m_cauz_40s_avg__028,m_cauz_40s_avg,"photorealistic photograph of a Central Asian man in his late 40s, average build, weathered brown skin, greying short hair and a moustache, a lined forehead and a broad nose, wearing a plain grey knit top and black trousers, full body, head to feet, shot from slightly above eye level, soft diffused daylight, blurred plain interior, a slight natural smile expression, natural skin texture, visible pores and fine skin detail, realistic fabric drape, shot on 85mm lens, shallow depth of field, photorealistic, unretouched",shot from slightly above eye level,full body,soft diffused daylight,blurred plain interior,a slight natural smile
models,m_cauz_40s_avg__029,m_cauz_40s_avg,"photorealistic photograph of a Central Asian man in his late 40s, average build, weathered brown skin, greying short hair and a moustache, a lined forehead and a broad nose, wearing a plain olive shirt and dark jeans, full body, head to feet, shot from slightly below eye level, hard directional sunlight, soft gradient backdrop, a slight natural smile expression, natural skin texture, visible pores and fine skin detail, realistic fabric drape, shot on 85mm lens, shallow depth of field, photorealistic, unretouched",shot from slightly below eye level,full body,hard directional sunlight,soft gradient backdrop,a slight natural smile
models,m_slav_30s_avg__000,m_slav_30s_avg,"photorealistic photograph of a Slavic European man in his early 30s, average build, fair skin, light brown hair, short beard, blue eyes and a long face, wearing a plain white t-shirt and dark grey trousers, headshot, front view, facing camera, soft diffused daylight, plain light grey studio backdrop, neutral expression, natural skin texture, visible pores and fine skin detail, realistic fabric drape, shot on 85mm lens, shallow depth of field, photorealistic, unretouched",front view,headshot,soft diffused daylight,plain light grey studio backdrop,neutral
models,m_slav_30s_avg__001,m_slav_30s_avg,"photorealistic photograph of a Slavic European man in his early 30s, average build, fair skin, light brown hair, short beard, blue eyes and a long face, wearing a plain black t-shirt and blue jeans, headshot, three-quarter view turned to the left, hard directional sunlight, warm beige wall, neutral expression, natural skin texture, visible pores and fine skin detail, realistic fabric drape, shot on 85mm lens, shallow depth of field, photorealistic, unretouched",three-quarter view turned to the left,headshot,hard directional sunlight,warm beige wall,neutral
models,m_slav_30s_avg__002,m_slav_30s_avg,"photorealistic photograph of a Slavic European man in his early 30s, average build, fair skin, light brown hair, short beard, blue eyes and a long face, wearing a plain navy long-sleeve top and beige trousers, headshot, three-quarter view turned to the right, strong side light, white seamless studio, neutral expression, natural skin texture, visible pores and fine skin detail, realistic fabric drape, shot on 85mm lens, shallow depth of field, photorealistic, unretouched",three-quarter view turned to the right,headshot,strong side light,white seamless studio,neutral
models,m_slav_30s_avg__003,m_slav_30s_avg,"photorealistic photograph of a Slavic European man in his early 30s, average build, fair skin, light brown hair, short beard, blue eyes and a long face, wearing a plain grey knit top and black trousers, headshot, near profile view, rim light from behind, blurred outdoor street, neutral expression, natural skin texture, visible pores and fine skin detail, realistic fabric drape, shot on 85mm lens, shallow depth of field, photorealistic, unretouched",near profile view,headshot,rim light from behind,blurred outdoor street,neutral
models,m_slav_30s_avg__004,m_slav_30s_avg,"photorealistic photograph of a Slavic European man in his early 30s, average build, fair skin, light brown hair, short beard, blue eyes and a long face, wearing a plain olive shirt and dark jeans, half body, from the waist up, shot from slightly above eye level, soft diffused daylight, blurred plain interior, neutral expression, natural skin texture, visible pores and fine skin detail, realistic fabric drape, shot on 85mm lens, shallow depth of field, photorealistic, unretouched",shot from slightly above eye level,half body,soft diffused daylight,blurred plain interior,neutral
models,m_slav_30s_avg__005,m_slav_30s_avg,"photorealistic photograph of a Slavic European man in his early 30s, average build, fair skin, light brown hair, short beard, blue eyes and a long face, wearing a plain white t-shirt and dark grey trousers, half body, from the waist up, shot from slightly below eye level, hard directional sunlight, soft gradient backdrop, neutral expression, natural skin texture, visible pores and fine skin detail, realistic fabric drape, shot on 85mm lens, shallow depth of field, photorealistic, unretouched",shot from slightly below eye level,half body,hard directional sunlight,soft gradient backdrop,neutral
models,m_slav_30s_avg__006,m_slav_30s_avg,"photorealistic photograph of a Slavic European man in his early 30s, average build, fair skin, light brown hair, short beard, blue eyes and a long face, wearing a plain black t-shirt and blue jeans, half body, from the waist up, front view, facing camera, strong side light, plain light grey studio backdrop, neutral expression, natural skin texture, visible pores and fine skin detail, realistic fabric drape, shot on 85mm lens, shallow depth of field, photorealistic, unretouched",front view,half body,strong side light,plain light grey studio backdrop,neutral
models,m_slav_30s_avg__007,m_slav_30s_avg,"photorealistic photograph of a Slavic European man in his early 30s, average build, fair skin, light brown hair, short beard, blue eyes and a long face, wearing a plain navy long-sleeve top and beige trousers, half body, from the waist up, three-quarter view turned to the left, rim light from behind, warm beige wall, neutral expression, natural skin texture, visible pores and fine skin detail, realistic fabric drape, shot on 85mm lens, shallow depth of field, photorealistic, unretouched",three-quarter view turned to the left,half body,rim light from behind,warm beige wall,neutral
models,m_slav_30s_avg__008,m_slav_30s_avg,"photorealistic photograph of a Slavic European man in his early 30s, average build, fair skin, light brown hair, short beard, blue eyes and a long face, wearing a plain grey knit top and black trousers, half body, from the waist up, three-quarter view turned to the right, soft diffused daylight, white seamless studio, neutral expression, natural skin texture, visible pores and fine skin detail, realistic fabric drape, shot on 85mm lens, shallow depth of field, photorealistic, unretouched",three-quarter view turned to the right,half body,soft diffused daylight,white seamless studio,neutral
models,m_slav_30s_avg__009,m_slav_30s_avg,"photorealistic photograph of a Slavic European man in his early 30s, average build, fair skin, light brown hair, short beard, blue eyes and a long face, wearing a plain olive shirt and dark jeans, half body, from the waist up, near profile view, hard directional sunlight, blurred outdoor street, neutral expression, natural skin texture, visible pores and fine skin detail, realistic fabric drape, shot on 85mm lens, shallow depth of field, photorealistic, unretouched",near profile view,half body,hard directional sunlight,blurred outdoor street,neutral
models,m_slav_30s_avg__010,m_slav_30s_avg,"photorealistic photograph of a Slavic European man in his early 30s, average build, fair skin, light brown hair, short beard, blue eyes and a long face, wearing a plain white t-shirt and dark grey trousers, half body, from the waist up, shot from slightly above eye level, strong side light, blurred plain interior, neutral expression, natural skin texture, visible pores and fine skin detail, realistic fabric drape, shot on 85mm lens, shallow depth of field, photorealistic, unretouched",shot from slightly above eye level,half body,strong side light,blurred plain interior,neutral
models,m_slav_30s_avg__011,m_slav_30s_avg,"photorealistic photograph of a Slavic European man in his early 30s, average build, fair skin, light brown hair, short beard, blue eyes and a long face, wearing a plain black t-shirt and blue jeans, half body, from the waist up, shot from slightly below eye level, rim light from behind, soft gradient backdrop, neutral expression, natural skin texture, visible pores and fine skin detail, realistic fabric drape, shot on 85mm lens, shallow depth of field, photorealistic, unretouched",shot from slightly below eye level,half body,rim light from behind,soft gradient backdrop,neutral
models,m_slav_30s_avg__012,m_slav_30s_avg,"photorealistic photograph of a Slavic European man in his early 30s, average build, fair skin, light brown hair, short beard, blue eyes and a long face, wearing a plain navy long-sleeve top and beige trousers, half body, from the waist up, front view, facing camera, soft diffused daylight, plain light grey studio backdrop, neutral expression, natural skin texture, visible pores and fine skin detail, realistic fabric drape, shot on 85mm lens, shallow depth of field, photorealistic, unretouched",front view,half body,soft diffused daylight,plain light grey studio backdrop,neutral
models,m_slav_30s_avg__013,m_slav_30s_avg,"photorealistic photograph of a Slavic European man in his early 30s, average build, fair skin, light brown hair, short beard, blue eyes and a long face, wearing a plain grey knit top and black trousers, full body, head to feet, three-quarter view turned to the left, hard directional sunlight, warm beige wall, neutral expression, natural skin texture, visible pores and fine skin detail, realistic fabric drape, shot on 85mm lens, shallow depth of field, photorealistic, unretouched",three-quarter view turned to the left,full body,hard directional sunlight,warm beige wall,neutral
models,m_slav_30s_avg__014,m_slav_30s_avg,"photorealistic photograph of a Slavic European man in his early 30s, average build, fair skin, light brown hair, short beard, blue eyes and a long face, wearing a plain olive shirt and dark jeans, full body, head to feet, three-quarter view turned to the right, strong side light, white seamless studio, neutral expression, natural skin texture, visible pores and fine skin detail, realistic fabric drape, shot on 85mm lens, shallow depth of field, photorealistic, unretouched",three-quarter view turned to the right,full body,strong side light,white seamless studio,neutral
models,m_slav_30s_avg__015,m_slav_30s_avg,"photorealistic photograph of a Slavic European man in his early 30s, average build, fair skin, light brown hair, short beard, blue eyes and a long face, wearing a plain white t-shirt and dark grey trousers, full body, head to feet, near profile view, rim light from behind, blurred outdoor street, neutral expression, natural skin texture, visible pores and fine skin detail, realistic fabric drape, shot on 85mm lens, shallow depth of field, photorealistic, unretouched",near profile view,full body,rim light from behind,blurred outdoor street,neutral
models,m_slav_30s_avg__016,m_slav_30s_avg,"photorealistic photograph of a Slavic European man in his early 30s, average build, fair skin, light brown hair, short beard, blue eyes and a long face, wearing a plain black t-shirt and blue jeans, full body, head to feet, shot from slightly above eye level, soft diffused daylight, blurred plain interior, neutral expression, natural skin texture, visible pores and fine skin detail, realistic fabric drape, shot on 85mm lens, shallow depth of field, photorealistic, unretouched",shot from slightly above eye level,full body,soft diffused daylight,blurred plain interior,neutral
models,m_slav_30s_avg__017,m_slav_30s_avg,"photorealistic photograph of a Slavic European man in his early 30s, average build, fair skin, light brown hair, short beard, blue eyes and a long face, wearing a plain navy long-sleeve top and beige trousers, full body, head to feet, shot from slightly below eye level, hard directional sunlight, soft gradient backdrop, neutral expression, natural skin texture, visible pores and fine skin detail, realistic fabric drape, shot on 85mm lens, shallow depth of field, photorealistic, unretouched",shot from slightly below eye level,full body,hard directional sunlight,soft gradient backdrop,neutral
models,m_slav_30s_avg__018,m_slav_30s_avg,"photorealistic photograph of a Slavic European man in his early 30s, average build, fair skin, light brown hair, short beard, blue eyes and a long face, wearing a plain grey knit top and black trousers, full body, head to feet, front view, facing camera, strong side light, plain light grey studio backdrop, neutral expression, natural skin texture, visible pores and fine skin detail, realistic fabric drape, shot on 85mm lens, shallow depth of field, photorealistic, unretouched",front view,full body,strong side light,plain light grey studio backdrop,neutral
models,m_slav_30s_avg__019,m_slav_30s_avg,"photorealistic photograph of a Slavic European man in his early 30s, average build, fair skin, light brown hair, short beard, blue eyes and a long face, wearing a plain olive shirt and dark jeans, full body, head to feet, three-quarter view turned to the left, rim light from behind, warm beige wall, neutral expression, natural skin texture, visible pores and fine skin detail, realistic fabric drape, shot on 85mm lens, shallow depth of field, photorealistic, unretouched",three-quarter view turned to the left,full body,rim light from behind,warm beige wall,neutral
models,m_slav_30s_avg__020,m_slav_30s_avg,"photorealistic photograph of a Slavic European man in his early 30s, average build, fair skin, light brown hair, short beard, blue eyes and a long face, wearing a plain white t-shirt and dark grey trousers, full body, head to feet, three-quarter view turned to the right, soft diffused daylight, white seamless studio, a slight natural smile expression, natural skin texture, visible pores and fine skin detail, realistic fabric drape, shot on 85mm lens, shallow depth of field, photorealistic, unretouched",three-quarter view turned to the right,full body,soft diffused daylight,white seamless studio,a slight natural smile
models,m_slav_30s_avg__021,m_slav_30s_avg,"photorealistic photograph of a Slavic European man in his early 30s, average build, fair skin, light brown hair, short beard, blue eyes and a long face, wearing a plain black t-shirt and blue jeans, full body, head to feet, near profile view, hard directional sunlight, blurred outdoor street, a slight natural smile expression, natural skin texture, visible pores and fine skin detail, realistic fabric drape, shot on 85mm lens, shallow depth of field, photorealistic, unretouched",near profile view,full body,hard directional sunlight,blurred outdoor street,a slight natural smile
models,m_slav_30s_avg__022,m_slav_30s_avg,"photorealistic photograph of a Slavic European man in his early 30s, average build, fair skin, light brown hair, short beard, blue eyes and a long face, wearing a plain navy long-sleeve top and beige trousers, full body, head to feet, shot from slightly above eye level, strong side light, blurred plain interior, a slight natural smile expression, natural skin texture, visible pores and fine skin detail, realistic fabric drape, shot on 85mm lens, shallow depth of field, photorealistic, unretouched",shot from slightly above eye level,full body,strong side light,blurred plain interior,a slight natural smile
models,m_slav_30s_avg__023,m_slav_30s_avg,"photorealistic photograph of a Slavic European man in his early 30s, average build, fair skin, light brown hair, short beard, blue eyes and a long face, wearing a plain grey knit top and black trousers, full body, head to feet, shot from slightly below eye level, rim light from behind, soft gradient backdrop, a slight natural smile expression, natural skin texture, visible pores and fine skin detail, realistic fabric drape, shot on 85mm lens, shallow depth of field, photorealistic, unretouched",shot from slightly below eye level,full body,rim light from behind,soft gradient backdrop,a slight natural smile
models,m_slav_30s_avg__024,m_slav_30s_avg,"photorealistic photograph of a Slavic European man in his early 30s, average build, fair skin, light brown hair, short beard, blue eyes and a long face, wearing a plain olive shirt and dark jeans, full body, head to feet, front view, facing camera, soft diffused daylight, plain light grey studio backdrop, a slight natural smile expression, natural skin texture, visible pores and fine skin detail, realistic fabric drape, shot on 85mm lens, shallow depth of field, photorealistic, unretouched",front view,full body,soft diffused daylight,plain light grey studio backdrop,a slight natural smile
models,m_slav_30s_avg__025,m_slav_30s_avg,"photorealistic photograph of a Slavic European man in his early 30s, average build, fair skin, light brown hair, short beard, blue eyes and a long face, wearing a plain white t-shirt and dark grey trousers, full body, head to feet, three-quarter view turned to the left, hard directional sunlight, warm beige wall, a slight natural smile expression, natural skin texture, visible pores and fine skin detail, realistic fabric drape, shot on 85mm lens, shallow depth of field, photorealistic, unretouched",three-quarter view turned to the left,full body,hard directional sunlight,warm beige wall,a slight natural smile
models,m_slav_30s_avg__026,m_slav_30s_avg,"photorealistic photograph of a Slavic European man in his early 30s, average build, fair skin, light brown hair, short beard, blue eyes and a long face, wearing a plain black t-shirt and blue jeans, full body, head to feet, three-quarter view turned to the right, strong side light, white seamless studio, a slight natural smile expression, natural skin texture, visible pores and fine skin detail, realistic fabric drape, shot on 85mm lens, shallow depth of field, photorealistic, unretouched",three-quarter view turned to the right,full body,strong side light,white seamless studio,a slight natural smile
models,m_slav_30s_avg__027,m_slav_30s_avg,"photorealistic photograph of a Slavic European man in his early 30s, average build, fair skin, light brown hair, short beard, blue eyes and a long face, wearing a plain navy long-sleeve top and beige trousers, full body, head to feet, near profile view, rim light from behind, blurred outdoor street, a slight natural smile expression, natural skin texture, visible pores and fine skin detail, realistic fabric drape, shot on 85mm lens, shallow depth of field, photorealistic, unretouched",near profile view,full body,rim light from behind,blurred outdoor street,a slight natural smile
models,m_slav_30s_avg__028,m_slav_30s_avg,"photorealistic photograph of a Slavic European man in his early 30s, average build, fair skin, light brown hair, short beard, blue eyes and a long face, wearing a plain grey knit top and black trousers, full body, head to feet, shot from slightly above eye level, soft diffused daylight, blurred plain interior, a slight natural smile expression, natural skin texture, visible pores and fine skin detail, realistic fabric drape, shot on 85mm lens, shallow depth of field, photorealistic, unretouched",shot from slightly above eye level,full body,soft diffused daylight,blurred plain interior,a slight natural smile
models,m_slav_30s_avg__029,m_slav_30s_avg,"photorealistic photograph of a Slavic European man in his early 30s, average build, fair skin, light brown hair, short beard, blue eyes and a long face, wearing a plain olive shirt and dark jeans, full body, head to feet, shot from slightly below eye level, hard directional sunlight, soft gradient backdrop, a slight natural smile expression, natural skin texture, visible pores and fine skin detail, realistic fabric drape, shot on 85mm lens, shallow depth of field, photorealistic, unretouched",shot from slightly below eye level,full body,hard directional sunlight,soft gradient backdrop,a slight natural smile
portraits,f_cauz_20s_slim__portrait_00,f_cauz_20s_slim,"photorealistic head and shoulders portrait of a Central Asian woman in her early 20s, light warm ivory skin, long straight black hair, high cheekbones and a narrow face, wearing a plain white t-shirt and dark grey trousers, front view, facing camera, soft diffused daylight, plain light grey studio backdrop, neutral expression, natural skin texture, visible pores and fine skin detail, realistic fabric drape, shot on 85mm lens, shallow depth of field, photorealistic, unretouched",front view,headshot,soft diffused daylight,plain light grey studio backdrop,neutral
portraits,f_cauz_20s_slim__portrait_01,f_cauz_20s_slim,"photorealistic head and shoulders portrait of a Central Asian woman in her early 20s, light warm ivory skin, long straight black hair, high cheekbones and a narrow face, wearing a plain black t-shirt and blue jeans, three-quarter view turned to the left, hard directional sunlight, warm beige wall, neutral expression, natural skin texture, visible pores and fine skin detail, realistic fabric drape, shot on 85mm lens, shallow depth of field, photorealistic, unretouched",three-quarter view turned to the left,headshot,hard directional sunlight,warm beige wall,neutral
portraits,f_cauz_20s_slim__portrait_02,f_cauz_20s_slim,"photorealistic head and shoulders portrait of a Central Asian woman in her early 20s, light warm ivory skin, long straight black hair, high cheekbones and a narrow face, wearing a plain navy long-sleeve top and beige trousers, three-quarter view turned to the right, strong side light, white seamless studio, neutral expression, natural skin texture, visible pores and fine skin detail, realistic fabric drape, shot on 85mm lens, shallow depth of field, photorealistic, unretouched",three-quarter view turned to the right,headshot,strong side light,white seamless studio,neutral
portraits,f_cauz_20s_slim__portrait_03,f_cauz_20s_slim,"photorealistic head and shoulders portrait of a Central Asian woman in her early 20s, light warm ivory skin, long straight black hair, high cheekbones and a narrow face, wearing a plain grey knit top and black trousers, near profile view, rim light from behind, blurred outdoor street, neutral expression, natural skin texture, visible pores and fine skin detail, realistic fabric drape, shot on 85mm lens, shallow depth of field, photorealistic, unretouched",near profile view,headshot,rim light from behind,blurred outdoor street,neutral
portraits,f_cauz_20s_slim__portrait_04,f_cauz_20s_slim,"photorealistic head and shoulders portrait of a Central Asian woman in her early 20s, light warm ivory skin, long straight black hair, high cheekbones and a narrow face, wearing a plain olive shirt and dark jeans, shot from slightly above eye level, soft diffused daylight, blurred plain interior, neutral expression, natural skin texture, visible pores and fine skin detail, realistic fabric drape, shot on 85mm lens, shallow depth of field, photorealistic, unretouched",shot from slightly above eye level,headshot,soft diffused daylight,blurred plain interior,neutral
portraits,f_cauz_20s_slim__portrait_05,f_cauz_20s_slim,"photorealistic head and shoulders portrait of a Central Asian woman in her early 20s, light warm ivory skin, long straight black hair, high cheekbones and a narrow face, wearing a plain white t-shirt and dark grey trousers, shot from slightly below eye level, hard directional sunlight, soft gradient backdrop, neutral expression, natural skin texture, visible pores and fine skin detail, realistic fabric drape, shot on 85mm lens, shallow depth of field, photorealistic, unretouched",shot from slightly below eye level,headshot,hard directional sunlight,soft gradient backdrop,neutral
portraits,f_cauz_20s_avg__portrait_00,f_cauz_20s_avg,"photorealistic head and shoulders portrait of a Central Asian woman in her mid 20s, medium olive skin, shoulder-length dark brown hair, a round face and full lips, wearing a plain white t-shirt and dark grey trousers, front view, facing camera, soft diffused daylight, plain light grey studio backdrop, neutral expression, natural skin texture, visible pores and fine skin detail, realistic fabric drape, shot on 85mm lens, shallow depth of field, photorealistic, unretouched",front view,headshot,soft diffused daylight,plain light grey studio backdrop,neutral
portraits,f_cauz_20s_avg__portrait_01,f_cauz_20s_avg,"photorealistic head and shoulders portrait of a Central Asian woman in her mid 20s, medium olive skin, shoulder-length dark brown hair, a round face and full lips, wearing a plain black t-shirt and blue jeans, three-quarter view turned to the left, hard directional sunlight, warm beige wall, neutral expression, natural skin texture, visible pores and fine skin detail, realistic fabric drape, shot on 85mm lens, shallow depth of field, photorealistic, unretouched",three-quarter view turned to the left,headshot,hard directional sunlight,warm beige wall,neutral
portraits,f_cauz_20s_avg__portrait_02,f_cauz_20s_avg,"photorealistic head and shoulders portrait of a Central Asian woman in her mid 20s, medium olive skin, shoulder-length dark brown hair, a round face and full lips, wearing a plain navy long-sleeve top and beige trousers, three-quarter view turned to the right, strong side light, white seamless studio, neutral expression, natural skin texture, visible pores and fine skin detail, realistic fabric drape, shot on 85mm lens, shallow depth of field, photorealistic, unretouched",three-quarter view turned to the right,headshot,strong side light,white seamless studio,neutral
portraits,f_cauz_20s_avg__portrait_03,f_cauz_20s_avg,"photorealistic head and shoulders portrait of a Central Asian woman in her mid 20s, medium olive skin, shoulder-length dark brown hair, a round face and full lips, wearing a plain grey knit top and black trousers, near profile view, rim light from behind, blurred outdoor street, neutral expression, natural skin texture, visible pores and fine skin detail, realistic fabric drape, shot on 85mm lens, shallow depth of field, photorealistic, unretouched",near profile view,headshot,rim light from behind,blurred outdoor street,neutral
portraits,f_cauz_20s_avg__portrait_04,f_cauz_20s_avg,"photorealistic head and shoulders portrait of a Central Asian woman in her mid 20s, medium olive skin, shoulder-length dark brown hair, a round face and full lips, wearing a plain olive shirt and dark jeans, shot from slightly above eye level, soft diffused daylight, blurred plain interior, neutral expression, natural skin texture, visible pores and fine skin detail, realistic fabric drape, shot on 85mm lens, shallow depth of field, photorealistic, unretouched",shot from slightly above eye level,headshot,soft diffused daylight,blurred plain interior,neutral
portraits,f_cauz_20s_avg__portrait_05,f_cauz_20s_avg,"photorealistic head and shoulders portrait of a Central Asian woman in her mid 20s, medium olive skin, shoulder-length dark brown hair, a round face and full lips, wearing a plain white t-shirt and dark grey trousers, shot from slightly below eye level, hard directional sunlight, soft gradient backdrop, neutral expression, natural skin texture, visible pores and fine skin detail, realistic fabric drape, shot on 85mm lens, shallow depth of field, photorealistic, unretouched",shot from slightly below eye level,headshot,hard directional sunlight,soft gradient backdrop,neutral
portraits,f_cauz_30s_avg__portrait_00,f_cauz_30s_avg,"photorealistic head and shoulders portrait of a Central Asian woman in her early 30s, tan golden skin, dark chestnut hair in a low bun, a strong jaw and arched brows, wearing a plain white t-shirt and dark grey trousers, front view, facing camera, soft diffused daylight, plain light grey studio backdrop, neutral expression, natural skin texture, visible pores and fine skin detail, realistic fabric drape, shot on 85mm lens, shallow depth of field, photorealistic, unretouched",front view,headshot,soft diffused daylight,plain light grey studio backdrop,neutral
portraits,f_cauz_30s_avg__portrait_01,f_cauz_30s_avg,"photorealistic head and shoulders portrait of a Central Asian woman in her early 30s, tan golden skin, dark chestnut hair in a low bun, a strong jaw and arched brows, wearing a plain black t-shirt and blue jeans, three-quarter view turned to the left, hard directional sunlight, warm beige wall, neutral expression, natural skin texture, visible pores and fine skin detail, realistic fabric drape, shot on 85mm lens, shallow depth of field, photorealistic, unretouched",three-quarter view turned to the left,headshot,hard directional sunlight,warm beige wall,neutral
portraits,f_cauz_30s_avg__portrait_02,f_cauz_30s_avg,"photorealistic head and shoulders portrait of a Central Asian woman in her early 30s, tan golden skin, dark chestnut hair in a low bun, a strong jaw and arched brows, wearing a plain navy long-sleeve top and beige trousers, three-quarter view turned to the right, strong side light, white seamless studio, neutral expression, natural skin texture, visible pores and fine skin detail, realistic fabric drape, shot on 85mm lens, shallow depth of field, photorealistic, unretouched",three-quarter view turned to the right,headshot,strong side light,white seamless studio,neutral
portraits,f_cauz_30s_avg__portrait_03,f_cauz_30s_avg,"photorealistic head and shoulders portrait of a Central Asian woman in her early 30s, tan golden skin, dark chestnut hair in a low bun, a strong jaw and arched brows, wearing a plain grey knit top and black trousers, near profile view, rim light from behind, blurred outdoor street, neutral expression, natural skin texture, visible pores and fine skin detail, realistic fabric drape, shot on 85mm lens, shallow depth of field, photorealistic, unretouched",near profile view,headshot,rim light from behind,blurred outdoor street,neutral
portraits,f_cauz_30s_avg__portrait_04,f_cauz_30s_avg,"photorealistic head and shoulders portrait of a Central Asian woman in her early 30s, tan golden skin, dark chestnut hair in a low bun, a strong jaw and arched brows, wearing a plain olive shirt and dark jeans, shot from slightly above eye level, soft diffused daylight, blurred plain interior, neutral expression, natural skin texture, visible pores and fine skin detail, realistic fabric drape, shot on 85mm lens, shallow depth of field, photorealistic, unretouched",shot from slightly above eye level,headshot,soft diffused daylight,blurred plain interior,neutral
portraits,f_cauz_30s_avg__portrait_05,f_cauz_30s_avg,"photorealistic head and shoulders portrait of a Central Asian woman in her early 30s, tan golden skin, dark chestnut hair in a low bun, a strong jaw and arched brows, wearing a plain white t-shirt and dark grey trousers, shot from slightly below eye level, hard directional sunlight, soft gradient backdrop, neutral expression, natural skin texture, visible pores and fine skin detail, realistic fabric drape, shot on 85mm lens, shallow depth of field, photorealistic, unretouched",shot from slightly below eye level,headshot,hard directional sunlight,soft gradient backdrop,neutral
portraits,f_cauz_40s_full__portrait_00,f_cauz_40s_full,"photorealistic head and shoulders portrait of a Central Asian woman in her late 30s, warm beige skin, short bobbed black hair, a soft oval face and wide-set eyes, wearing a plain white t-shirt and dark grey trousers, front view, facing camera, soft diffused daylight, plain light grey studio backdrop, neutral expression, natural skin texture, visible pores and fine skin detail, realistic fabric drape, shot on 85mm lens, shallow depth of field, photorealistic, unretouched",front view,headshot,soft diffused daylight,plain light grey studio backdrop,neutral
portraits,f_cauz_40s_full__portrait_01,f_cauz_40s_full,"photorealistic head and shoulders portrait of a Central Asian woman in her late 30s, warm beige skin, short bobbed black hair, a soft oval face and wide-set eyes, wearing a plain black t-shirt and blue jeans, three-quarter view turned to the left, hard directional sunlight, warm beige wall, neutral expression, natural skin texture, visible pores and fine skin detail, realistic fabric drape, shot on 85mm lens, shallow depth of field, photorealistic, unretouched",three-quarter view turned to the left,headshot,hard directional sunlight,warm beige wall,neutral
portraits,f_cauz_40s_full__portrait_02,f_cauz_40s_full,"photorealistic head and shoulders portrait of a Central Asian woman in her late 30s, warm beige skin, short bobbed black hair, a soft oval face and wide-set eyes, wearing a plain navy long-sleeve top and beige trousers, three-quarter view turned to the right, strong side light, white seamless studio, neutral expression, natural skin texture, visible pores and fine skin detail, realistic fabric drape, shot on 85mm lens, shallow depth of field, photorealistic, unretouched",three-quarter view turned to the right,headshot,strong side light,white seamless studio,neutral
portraits,f_cauz_40s_full__portrait_03,f_cauz_40s_full,"photorealistic head and shoulders portrait of a Central Asian woman in her late 30s, warm beige skin, short bobbed black hair, a soft oval face and wide-set eyes, wearing a plain grey knit top and black trousers, near profile view, rim light from behind, blurred outdoor street, neutral expression, natural skin texture, visible pores and fine skin detail, realistic fabric drape, shot on 85mm lens, shallow depth of field, photorealistic, unretouched",near profile view,headshot,rim light from behind,blurred outdoor street,neutral
portraits,f_cauz_40s_full__portrait_04,f_cauz_40s_full,"photorealistic head and shoulders portrait of a Central Asian woman in her late 30s, warm beige skin, short bobbed black hair, a soft oval face and wide-set eyes, wearing a plain olive shirt and dark jeans, shot from slightly above eye level, soft diffused daylight, blurred plain interior, neutral expression, natural skin texture, visible pores and fine skin detail, realistic fabric drape, shot on 85mm lens, shallow depth of field, photorealistic, unretouched",shot from slightly above eye level,headshot,soft diffused daylight,blurred plain interior,neutral
portraits,f_cauz_40s_full__portrait_05,f_cauz_40s_full,"photorealistic head and shoulders portrait of a Central Asian woman in her late 30s, warm beige skin, short bobbed black hair, a soft oval face and wide-set eyes, wearing a plain white t-shirt and dark grey trousers, shot from slightly below eye level, hard directional sunlight, soft gradient backdrop, neutral expression, natural skin texture, visible pores and fine skin detail, realistic fabric drape, shot on 85mm lens, shallow depth of field, photorealistic, unretouched",shot from slightly below eye level,headshot,hard directional sunlight,soft gradient backdrop,neutral
portraits,f_cauz_50s_avg__portrait_00,f_cauz_50s_avg,"photorealistic head and shoulders portrait of a Central Asian woman in her early 50s, deeper tan skin with visible fine lines, greying dark hair pulled back, a lined face and deep-set eyes, wearing a plain white t-shirt and dark grey trousers, front view, facing camera, soft diffused daylight, plain light grey studio backdrop, neutral expression, natural skin texture, visible pores and fine skin detail, realistic fabric drape, shot on 85mm lens, shallow depth of field, photorealistic, unretouched",front view,headshot,soft diffused daylight,plain light grey studio backdrop,neutral
portraits,f_cauz_50s_avg__portrait_01,f_cauz_50s_avg,"photorealistic head and shoulders portrait of a Central Asian woman in her early 50s, deeper tan skin with visible fine lines, greying dark hair pulled back, a lined face and deep-set eyes, wearing a plain black t-shirt and blue jeans, three-quarter view turned to the left, hard directional sunlight, warm beige wall, neutral expression, natural skin texture, visible pores and fine skin detail, realistic fabric drape, shot on 85mm lens, shallow depth of field, photorealistic, unretouched",three-quarter view turned to the left,headshot,hard directional sunlight,warm beige wall,neutral
portraits,f_cauz_50s_avg__portrait_02,f_cauz_50s_avg,"photorealistic head and shoulders portrait of a Central Asian woman in her early 50s, deeper tan skin with visible fine lines, greying dark hair pulled back, a lined face and deep-set eyes, wearing a plain navy long-sleeve top and beige trousers, three-quarter view turned to the right, strong side light, white seamless studio, neutral expression, natural skin texture, visible pores and fine skin detail, realistic fabric drape, shot on 85mm lens, shallow depth of field, photorealistic, unretouched",three-quarter view turned to the right,headshot,strong side light,white seamless studio,neutral
portraits,f_cauz_50s_avg__portrait_03,f_cauz_50s_avg,"photorealistic head and shoulders portrait of a Central Asian woman in her early 50s, deeper tan skin with visible fine lines, greying dark hair pulled back, a lined face and deep-set eyes, wearing a plain grey knit top and black trousers, near profile view, rim light from behind, blurred outdoor street, neutral expression, natural skin texture, visible pores and fine skin detail, realistic fabric drape, shot on 85mm lens, shallow depth of field, photorealistic, unretouched",near profile view,headshot,rim light from behind,blurred outdoor street,neutral
portraits,f_cauz_50s_avg__portrait_04,f_cauz_50s_avg,"photorealistic head and shoulders portrait of a Central Asian woman in her early 50s, deeper tan skin with visible fine lines, greying dark hair pulled back, a lined face and deep-set eyes, wearing a plain olive shirt and dark jeans, shot from slightly above eye level, soft diffused daylight, blurred plain interior, neutral expression, natural skin texture, visible pores and fine skin detail, realistic fabric drape, shot on 85mm lens, shallow depth of field, photorealistic, unretouched",shot from slightly above eye level,headshot,soft diffused daylight,blurred plain interior,neutral
portraits,f_cauz_50s_avg__portrait_05,f_cauz_50s_avg,"photorealistic head and shoulders portrait of a Central Asian woman in her early 50s, deeper tan skin with visible fine lines, greying dark hair pulled back, a lined face and deep-set eyes, wearing a plain white t-shirt and dark grey trousers, shot from slightly below eye level, hard directional sunlight, soft gradient backdrop, neutral expression, natural skin texture, visible pores and fine skin detail, realistic fabric drape, shot on 85mm lens, shallow depth of field, photorealistic, unretouched",shot from slightly below eye level,headshot,hard directional sunlight,soft gradient backdrop,neutral
portraits,f_cauz_20s_hijab__portrait_00,f_cauz_20s_hijab,"photorealistic head and shoulders portrait of a Central Asian woman in her mid 20s, fair olive skin, hair fully covered by the headscarf, large dark almond eyes and thin brows, wearing a plain long-sleeve beige tunic and wide dark trousers with a matching headscarf, front view, facing camera, soft diffused daylight, plain light grey studio backdrop, neutral expression, natural skin texture, visible pores and fine skin detail, realistic fabric drape, shot on 85mm lens, shallow depth of field, photorealistic, unretouched",front view,headshot,soft diffused daylight,plain light grey studio backdrop,neutral
portraits,f_cauz_20s_hijab__portrait_01,f_cauz_20s_hijab,"photorealistic head and shoulders portrait of a Central Asian woman in her mid 20s, fair olive skin, hair fully covered by the headscarf, large dark almond eyes and thin brows, wearing a plain navy long dress with long sleeves and a matching headscarf, three-quarter view turned to the left, hard directional sunlight, warm beige wall, neutral expression, natural skin texture, visible pores and fine skin detail, realistic fabric drape, shot on 85mm lens, shallow depth of field, photorealistic, unretouched",three-quarter view turned to the left,headshot,hard directional sunlight,warm beige wall,neutral
portraits,f_cauz_20s_hijab__portrait_02,f_cauz_20s_hijab,"photorealistic head and shoulders portrait of a Central Asian woman in her mid 20s, fair olive skin, hair fully covered by the headscarf, large dark almond eyes and thin brows, wearing a plain grey long-sleeve top and long black skirt with a matching headscarf, three-quarter view turned to the right, strong side light, white seamless studio, neutral expression, natural skin texture, visible pores and fine skin detail, realistic fabric drape, shot on 85mm lens, shallow depth of field, photorealistic, unretouched",three-quarter view turned to the right,headshot,strong side light,white seamless studio,neutral
portraits,f_cauz_20s_hijab__portrait_03,f_cauz_20s_hijab,"photorealistic head and shoulders portrait of a Central Asian woman in her mid 20s, fair olive skin, hair fully covered by the headscarf, large dark almond eyes and thin brows, wearing a plain olive long tunic and loose trousers with a matching headscarf, near profile view, rim light from behind, blurred outdoor street, neutral expression, natural skin texture, visible pores and fine skin detail, realistic fabric drape, shot on 85mm lens, shallow depth of field, photorealistic, unretouched",near profile view,headshot,rim light from behind,blurred outdoor street,neutral
portraits,f_cauz_20s_hijab__portrait_04,f_cauz_20s_hijab,"photorealistic head and shoulders portrait of a Central Asian woman in her mid 20s, fair olive skin, hair fully covered by the headscarf, large dark almond eyes and thin brows, wearing a plain white long-sleeve blouse and long navy skirt with a matching headscarf, shot from slightly above eye level, soft diffused daylight, blurred plain interior, neutral expression, natural skin texture, visible pores and fine skin detail, realistic fabric drape, shot on 85mm lens, shallow depth of field, photorealistic, unretouched",shot from slightly above eye level,headshot,soft diffused daylight,blurred plain interior,neutral
portraits,f_cauz_20s_hijab__portrait_05,f_cauz_20s_hijab,"photorealistic head and shoulders portrait of a Central Asian woman in her mid 20s, fair olive skin, hair fully covered by the headscarf, large dark almond eyes and thin brows, wearing a plain long-sleeve beige tunic and wide dark trousers with a matching headscarf, shot from slightly below eye level, hard directional sunlight, soft gradient backdrop, neutral expression, natural skin texture, visible pores and fine skin detail, realistic fabric drape, shot on 85mm lens, shallow depth of field, photorealistic, unretouched",shot from slightly below eye level,headshot,hard directional sunlight,soft gradient backdrop,neutral
portraits,f_cauz_40s_hijab__portrait_00,f_cauz_40s_hijab,"photorealistic head and shoulders portrait of a Central Asian woman in her late 30s, warm brown skin, hair fully covered by the headscarf, a broad face and a wide smile line, wearing a plain long-sleeve beige tunic and wide dark trousers with a matching headscarf, front view, facing camera, soft diffused daylight, plain light grey studio backdrop, neutral expression, natural skin texture, visible pores and fine skin detail, realistic fabric drape, shot on 85mm lens, shallow depth of field, photorealistic, unretouched",front view,headshot,soft diffused daylight,plain light grey studio backdrop,neutral
portraits,f_cauz_40s_hijab__portrait_01,f_cauz_40s_hijab,"photorealistic head and shoulders portrait of a Central Asian woman in her late 30s, warm brown skin, hair fully covered by the headscarf, a broad face and a wide smile line, wearing a plain navy long dress with long sleeves and a matching headscarf, three-quarter view turned to the left, hard directional sunlight, warm beige wall, neutral expression, natural skin texture, visible pores and fine skin detail, realistic fabric drape, shot on 85mm lens, shallow depth of field, photorealistic, unretouched",three-quarter view turned to the left,headshot,hard directional sunlight,warm beige wall,neutral
portraits,f_cauz_40s_hijab__portrait_02,f_cauz_40s_hijab,"photorealistic head and shoulders portrait of a Central Asian woman in her late 30s, warm brown skin, hair fully covered by the headscarf, a broad face and a wide smile line, wearing a plain grey long-sleeve top and long black skirt with a matching headscarf, three-quarter view turned to the right, strong side light, white seamless studio, neutral expression, natural skin texture, visible pores and fine skin detail, realistic fabric drape, shot on 85mm lens, shallow depth of field, photorealistic, unretouched",three-quarter view turned to the right,headshot,strong side light,white seamless studio,neutral
portraits,f_cauz_40s_hijab__portrait_03,f_cauz_40s_hijab,"photorealistic head and shoulders portrait of a Central Asian woman in her late 30s, warm brown skin, hair fully covered by the headscarf, a broad face and a wide smile line, wearing a plain olive long tunic and loose trousers with a matching headscarf, near profile view, rim light from behind, blurred outdoor street, neutral expression, natural skin texture, visible pores and fine skin detail, realistic fabric drape, shot on 85mm lens, shallow depth of field, photorealistic, unretouched",near profile view,headshot,rim light from behind,blurred outdoor street,neutral
portraits,f_cauz_40s_hijab__portrait_04,f_cauz_40s_hijab,"photorealistic head and shoulders portrait of a Central Asian woman in her late 30s, warm brown skin, hair fully covered by the headscarf, a broad face and a wide smile line, wearing a plain white long-sleeve blouse and long navy skirt with a matching headscarf, shot from slightly above eye level, soft diffused daylight, blurred plain interior, neutral expression, natural skin texture, visible pores and fine skin detail, realistic fabric drape, shot on 85mm lens, shallow depth of field, photorealistic, unretouched",shot from slightly above eye level,headshot,soft diffused daylight,blurred plain interior,neutral
portraits,f_cauz_40s_hijab__portrait_05,f_cauz_40s_hijab,"photorealistic head and shoulders portrait of a Central Asian woman in her late 30s, warm brown skin, hair fully covered by the headscarf, a broad face and a wide smile line, wearing a plain long-sleeve beige tunic and wide dark trousers with a matching headscarf, shot from slightly below eye level, hard directional sunlight, soft gradient backdrop, neutral expression, natural skin texture, visible pores and fine skin detail, realistic fabric drape, shot on 85mm lens, shallow depth of field, photorealistic, unretouched",shot from slightly below eye level,headshot,hard directional sunlight,soft gradient backdrop,neutral
portraits,f_slav_20s_slim__portrait_00,f_slav_20s_slim,"photorealistic head and shoulders portrait of a Slavic European woman in her early 20s, very fair pale skin with freckles, long light blonde hair, pale grey-blue eyes and a small straight nose, wearing a plain white t-shirt and dark grey trousers, front view, facing camera, soft diffused daylight, plain light grey studio backdrop, neutral expression, natural skin texture, visible pores and fine skin detail, realistic fabric drape, shot on 85mm lens, shallow depth of field, photorealistic, unretouched",front view,headshot,soft diffused daylight,plain light grey studio backdrop,neutral
portraits,f_slav_20s_slim__portrait_01,f_slav_20s_slim,"photorealistic head and shoulders portrait of a Slavic European woman in her early 20s, very fair pale skin with freckles, long light blonde hair, pale grey-blue eyes and a small straight nose, wearing a plain black t-shirt and blue jeans, three-quarter view turned to the left, hard directional sunlight, warm beige wall, neutral expression, natural skin texture, visible pores and fine skin detail, realistic fabric drape, shot on 85mm lens, shallow depth of field, photorealistic, unretouched",three-quarter view turned to the left,headshot,hard directional sunlight,warm beige wall,neutral
portraits,f_slav_20s_slim__portrait_02,f_slav_20s_slim,"photorealistic head and shoulders portrait of a Slavic European woman in her early 20s, very fair pale skin with freckles, long light blonde hair, pale grey-blue eyes and a small straight nose, wearing a plain navy long-sleeve top and beige trousers, three-quarter view turned to the right, strong side light, white seamless studio, neutral expression, natural skin texture, visible pores and fine skin detail, realistic fabric drape, shot on 85mm lens, shallow depth of field, photorealistic, unretouched",three-quarter view turned to the right,headshot,strong side light,white seamless studio,neutral
portraits,f_slav_20s_slim__portrait_03,f_slav_20s_slim,"photorealistic head and shoulders portrait of a Slavic European woman in her early 20s, very fair pale skin with freckles, long light blonde hair, pale grey-blue eyes and a small straight nose, wearing a plain grey knit top and black trousers, near profile view, rim light from behind, blurred outdoor street, neutral expression, natural skin texture, visible pores and fine skin detail, realistic fabric drape, shot on 85mm lens, shallow depth of field, photorealistic, unretouched",near profile view,headshot,rim light from behind,blurred outdoor street,neutral
portraits,f_slav_20s_slim__portrait_04,f_slav_20s_slim,"photorealistic head and shoulders portrait of a Slavic European woman in her early 20s, very fair pale skin with freckles, long light blonde hair, pale grey-blue eyes and a small straight nose, wearing a plain olive shirt and dark jeans, shot from slightly above eye level, soft diffused daylight, blurred plain interior, neutral expression, natural skin texture, visible pores and fine skin detail, realistic fabric drape, shot on 85mm lens, shallow depth of field, photorealistic, unretouched",shot from slightly above eye level,headshot,soft diffused daylight,blurred plain interior,neutral
portraits,f_slav_20s_slim__portrait_05,f_slav_20s_slim,"photorealistic head and shoulders portrait of a Slavic European woman in her early 20s, very fair pale skin with freckles, long light blonde hair, pale grey-blue eyes and a small straight nose, wearing a plain white t-shirt and dark grey trousers, shot from slightly below eye level, hard directional sunlight, soft gradient backdrop, neutral expression, natural skin texture, visible pores and fine skin detail, realistic fabric drape, shot on 85mm lens, shallow depth of field, photorealistic, unretouched",shot from slightly below eye level,headshot,hard directional sunlight,soft gradient backdrop,neutral
portraits,f_slav_30s_avg__portrait_00,f_slav_30s_avg,"photorealistic head and shoulders portrait of a Slavic European woman in her early 30s, fair rosy skin, mid-length auburn hair, green eyes and a square jaw, wearing a plain white t-shirt and dark grey trousers, front view, facing camera, soft diffused daylight, plain light grey studio backdrop, neutral expression, natural skin texture, visible pores and fine skin detail, realistic fabric drape, shot on 85mm lens, shallow depth of field, photorealistic, unretouched",front view,headshot,soft diffused daylight,plain light grey studio backdrop,neutral
portraits,f_slav_30s_avg__portrait_01,f_slav_30s_avg,"photorealistic head and shoulders portrait of a Slavic European woman in her early 30s, fair rosy skin, mid-length auburn hair, green eyes and a square jaw, wearing a plain black t-shirt and blue jeans, three-quarter view turned to the left, hard directional sunlight, warm beige wall, neutral expression, natural skin texture, visible pores and fine skin detail, realistic fabric drape, shot on 85mm lens, shallow depth of field, photorealistic, unretouched",three-quarter view turned to the left,headshot,hard directional sunlight,warm beige wall,neutral
portraits,f_slav_30s_avg__portrait_02,f_slav_30s_avg,"photorealistic head and shoulders portrait of a Slavic European woman in her early 30s, fair rosy skin, mid-length auburn hair, green eyes and a square jaw, wearing a plain navy long-sleeve top and beige trousers, three-quarter view turned to the right, strong side light, white seamless studio, neutral expression, natural skin texture, visible pores and fine skin detail, realistic fabric drape, shot on 85mm lens, shallow depth of field, photorealistic, unretouched",three-quarter view turned to the right,headshot,strong side light,white seamless studio,neutral
portraits,f_slav_30s_avg__portrait_03,f_slav_30s_avg,"photorealistic head and shoulders portrait of a Slavic European woman in her early 30s, fair rosy skin, mid-length auburn hair, green eyes and a square jaw, wearing a plain grey knit top and black trousers, near profile view, rim light from behind, blurred outdoor street, neutral expression, natural skin texture, visible pores and fine skin detail, realistic fabric drape, shot on 85mm lens, shallow depth of field, photorealistic, unretouched",near profile view,headshot,rim light from behind,blurred outdoor street,neutral
portraits,f_slav_30s_avg__portrait_04,f_slav_30s_avg,"photorealistic head and shoulders portrait of a Slavic European woman in her early 30s, fair rosy skin, mid-length auburn hair, green eyes and a square jaw, wearing a plain olive shirt and dark jeans, shot from slightly above eye level, soft diffused daylight, blurred plain interior, neutral expression, natural skin texture, visible pores and fine skin detail, realistic fabric drape, shot on 85mm lens, shallow depth of field, photorealistic, unretouched",shot from slightly above eye level,headshot,soft diffused daylight,blurred plain interior,neutral
portraits,f_slav_30s_avg__portrait_05,f_slav_30s_avg,"photorealistic head and shoulders portrait of a Slavic European woman in her early 30s, fair rosy skin, mid-length auburn hair, green eyes and a square jaw, wearing a plain white t-shirt and dark grey trousers, shot from slightly below eye level, hard directional sunlight, soft gradient backdrop, neutral expression, natural skin texture, visible pores and fine skin detail, realistic fabric drape, shot on 85mm lens, shallow depth of field, photorealistic, unretouched",shot from slightly below eye level,headshot,hard directional sunlight,soft gradient backdrop,neutral
portraits,m_cauz_20s_slim__portrait_00,m_cauz_20s_slim,"photorealistic head and shoulders portrait of a Central Asian man in his early 20s, light olive skin, short black hair, clean shaven, a narrow face and sharp cheekbones, wearing a plain white t-shirt and dark grey trousers, front view, facing camera, soft diffused daylight, plain light grey studio backdrop, neutral expression, natural skin texture, visible pores and fine skin detail, realistic fabric drape, shot on 85mm lens, shallow depth of field, photorealistic, unretouched",front view,headshot,soft diffused daylight,plain light grey studio backdrop,neutral
portraits,m_cauz_20s_slim__portrait_01,m_cauz_20s_slim,"photorealistic head and shoulders portrait of a Central Asian man in his early 20s, light olive skin, short black hair, clean shaven, a narrow face and sharp cheekbones, wearing a plain black t-shirt and blue jeans, three-quarter view turned to the left, hard directional sunlight, warm beige wall, neutral expression, natural skin texture, visible pores and fine skin detail, realistic fabric drape, shot on 85mm lens, shallow depth of field, photorealistic, unretouched",three-quarter view turned to the left,headshot,hard directional sunlight,warm beige wall,neutral
portraits,m_cauz_20s_slim__portrait_02,m_cauz_20s_slim,"photorealistic head and shoulders portrait of a Central Asian man in his early 20s, light olive skin, short black hair, clean shaven, a narrow face and sharp cheekbones, wearing a plain navy long-sleeve top and beige trousers, three-quarter view turned to the right, strong side light, white seamless studio, neutral expression, natural skin texture, visible pores and fine skin detail, realistic fabric drape, shot on 85mm lens, shallow depth of field, photorealistic, unretouched",three-quarter view turned to the right,headshot,strong side light,white seamless studio,neutral
portraits,m_cauz_20s_slim__portrait_03,m_cauz_20s_slim,"photorealistic head and shoulders portrait of a Central Asian man in his early 20s, light olive skin, short black hair, clean shaven, a narrow face and sharp cheekbones, wearing a plain grey knit top and black trousers, near profile view, rim light from behind, blurred outdoor street, neutral expression, natural skin texture, visible pores and fine skin detail, realistic fabric drape, shot on 85mm lens, shallow depth of field, photorealistic, unretouched",near profile view,headshot,rim light from behind,blurred outdoor street,neutral
portraits,m_cauz_20s_slim__portrait_04,m_cauz_20s_slim,"photorealistic head and shoulders portrait of a Central Asian man in his early 20s, light olive skin, short black hair, clean shaven, a narrow face and sharp cheekbones, wearing a plain olive shirt and dark jeans, shot from slightly above eye level, soft diffused daylight, blurred plain interior, neutral expression, natural skin texture, visible pores and fine skin detail, realistic fabric drape, shot on 85mm lens, shallow depth of field, photorealistic, unretouched",shot from slightly above eye level,headshot,soft diffused daylight,blurred plain interior,neutral
portraits,m_cauz_20s_slim__portrait_05,m_cauz_20s_slim,"photorealistic head and shoulders portrait of a Central Asian man in his early 20s, light olive skin, short black hair, clean shaven, a narrow face and sharp cheekbones, wearing a plain white t-shirt and dark grey trousers, shot from slightly below eye level, hard directional sunlight, soft gradient backdrop, neutral expression, natural skin texture, visible pores and fine skin detail, realistic fabric drape, shot on 85mm lens, shallow depth of field, photorealistic, unretouched",shot from slightly below eye level,headshot,hard directional sunlight,soft gradient backdrop,neutral
portraits,m_cauz_30s_avg__portrait_00,m_cauz_30s_avg,"photorealistic head and shoulders portrait of a Central Asian man in his early 30s, tan skin, short dark hair with a trimmed beard, a square face and heavy brows, wearing a plain white t-shirt and dark grey trousers, front view, facing camera, soft diffused daylight, plain light grey studio backdrop, neutral expression, natural skin texture, visible pores and fine skin detail, realistic fabric drape, shot on 85mm lens, shallow depth of field, photorealistic, unretouched",front view,headshot,soft diffused daylight,plain light grey studio backdrop,neutral
portraits,m_cauz_30s_avg__portrait_01,m_cauz_30s_avg,"photorealistic head and shoulders portrait of a Central Asian man in his early 30s, tan skin, short dark hair with a trimmed beard, a square face and heavy brows, wearing a plain black t-shirt and blue jeans, three-quarter view turned to the left, hard directional sunlight, warm beige wall, neutral expression, natural skin texture, visible pores and fine skin detail, realistic fabric drape, shot on 85mm lens, shallow depth of field, photorealistic, unretouched",three-quarter view turned to the left,headshot,hard directional sunlight,warm beige wall,neutral
portraits,m_cauz_30s_avg__portrait_02,m_cauz_30s_avg,"photorealistic head and shoulders portrait of a Central Asian man in his early 30s, tan skin, short dark hair with a trimmed beard, a square face and heavy brows, wearing a plain navy long-sleeve top and beige trousers, three-quarter view turned to the right, strong side light, white seamless studio, neutral expression, natural skin texture, visible pores and fine skin detail, realistic fabric drape, shot on 85mm lens, shallow depth of field, photorealistic, unretouched",three-quarter view turned to the right,headshot,strong side light,white seamless studio,neutral
portraits,m_cauz_30s_avg__portrait_03,m_cauz_30s_avg,"photorealistic head and shoulders portrait of a Central Asian man in his early 30s, tan skin, short dark hair with a trimmed beard, a square face and heavy brows, wearing a plain grey knit top and black trousers, near profile view, rim light from behind, blurred outdoor street, neutral expression, natural skin texture, visible pores and fine skin detail, realistic fabric drape, shot on 85mm lens, shallow depth of field, photorealistic, unretouched",near profile view,headshot,rim light from behind,blurred outdoor street,neutral
portraits,m_cauz_30s_avg__portrait_04,m_cauz_30s_avg,"photorealistic head and shoulders portrait of a Central Asian man in his early 30s, tan skin, short dark hair with a trimmed beard, a square face and heavy brows, wearing a plain olive shirt and dark jeans, shot from slightly above eye level, soft diffused daylight, blurred plain interior, neutral expression, natural skin texture, visible pores and fine skin detail, realistic fabric drape, shot on 85mm lens, shallow depth of field, photorealistic, unretouched",shot from slightly above eye level,headshot,soft diffused daylight,blurred plain interior,neutral
portraits,m_cauz_30s_avg__portrait_05,m_cauz_30s_avg,"photorealistic head and shoulders portrait of a Central Asian man in his early 30s, tan skin, short dark hair with a trimmed beard, a square face and heavy brows, wearing a plain white t-shirt and dark grey trousers, shot from slightly below eye level, hard directional sunlight, soft gradient backdrop, neutral expression, natural skin texture, visible pores and fine skin detail, realistic fabric drape, shot on 85mm lens, shallow depth of field, photorealistic, unretouched",shot from slightly below eye level,headshot,hard directional sunlight,soft gradient backdrop,neutral
portraits,m_cauz_40s_avg__portrait_00,m_cauz_40s_avg,"photorealistic head and shoulders portrait of a Central Asian man in his late 40s, weathered brown skin, greying short hair and a moustache, a lined forehead and a broad nose, wearing a plain white t-shirt and dark grey trousers, front view, facing camera, soft diffused daylight, plain light grey studio backdrop, neutral expression, natural skin texture, visible pores and fine skin detail, realistic fabric drape, shot on 85mm lens, shallow depth of field, photorealistic, unretouched",front view,headshot,soft diffused daylight,plain light grey studio backdrop,neutral
portraits,m_cauz_40s_avg__portrait_01,m_cauz_40s_avg,"photorealistic head and shoulders portrait of a Central Asian man in his late 40s, weathered brown skin, greying short hair and a moustache, a lined forehead and a broad nose, wearing a plain black t-shirt and blue jeans, three-quarter view turned to the left, hard directional sunlight, warm beige wall, neutral expression, natural skin texture, visible pores and fine skin detail, realistic fabric drape, shot on 85mm lens, shallow depth of field, photorealistic, unretouched",three-quarter view turned to the left,headshot,hard directional sunlight,warm beige wall,neutral
portraits,m_cauz_40s_avg__portrait_02,m_cauz_40s_avg,"photorealistic head and shoulders portrait of a Central Asian man in his late 40s, weathered brown skin, greying short hair and a moustache, a lined forehead and a broad nose, wearing a plain navy long-sleeve top and beige trousers, three-quarter view turned to the right, strong side light, white seamless studio, neutral expression, natural skin texture, visible pores and fine skin detail, realistic fabric drape, shot on 85mm lens, shallow depth of field, photorealistic, unretouched",three-quarter view turned to the right,headshot,strong side light,white seamless studio,neutral
portraits,m_cauz_40s_avg__portrait_03,m_cauz_40s_avg,"photorealistic head and shoulders portrait of a Central Asian man in his late 40s, weathered brown skin, greying short hair and a moustache, a lined forehead and a broad nose, wearing a plain grey knit top and black trousers, near profile view, rim light from behind, blurred outdoor street, neutral expression, natural skin texture, visible pores and fine skin detail, realistic fabric drape, shot on 85mm lens, shallow depth of field, photorealistic, unretouched",near profile view,headshot,rim light from behind,blurred outdoor street,neutral
portraits,m_cauz_40s_avg__portrait_04,m_cauz_40s_avg,"photorealistic head and shoulders portrait of a Central Asian man in his late 40s, weathered brown skin, greying short hair and a moustache, a lined forehead and a broad nose, wearing a plain olive shirt and dark jeans, shot from slightly above eye level, soft diffused daylight, blurred plain interior, neutral expression, natural skin texture, visible pores and fine skin detail, realistic fabric drape, shot on 85mm lens, shallow depth of field, photorealistic, unretouched",shot from slightly above eye level,headshot,soft diffused daylight,blurred plain interior,neutral
portraits,m_cauz_40s_avg__portrait_05,m_cauz_40s_avg,"photorealistic head and shoulders portrait of a Central Asian man in his late 40s, weathered brown skin, greying short hair and a moustache, a lined forehead and a broad nose, wearing a plain white t-shirt and dark grey trousers, shot from slightly below eye level, hard directional sunlight, soft gradient backdrop, neutral expression, natural skin texture, visible pores and fine skin detail, realistic fabric drape, shot on 85mm lens, shallow depth of field, photorealistic, unretouched",shot from slightly below eye level,headshot,hard directional sunlight,soft gradient backdrop,neutral
portraits,m_slav_30s_avg__portrait_00,m_slav_30s_avg,"photorealistic head and shoulders portrait of a Slavic European man in his early 30s, fair skin, light brown hair, short beard, blue eyes and a long face, wearing a plain white t-shirt and dark grey trousers, front view, facing camera, soft diffused daylight, plain light grey studio backdrop, neutral expression, natural skin texture, visible pores and fine skin detail, realistic fabric drape, shot on 85mm lens, shallow depth of field, photorealistic, unretouched",front view,headshot,soft diffused daylight,plain light grey studio backdrop,neutral
portraits,m_slav_30s_avg__portrait_01,m_slav_30s_avg,"photorealistic head and shoulders portrait of a Slavic European man in his early 30s, fair skin, light brown hair, short beard, blue eyes and a long face, wearing a plain black t-shirt and blue jeans, three-quarter view turned to the left, hard directional sunlight, warm beige wall, neutral expression, natural skin texture, visible pores and fine skin detail, realistic fabric drape, shot on 85mm lens, shallow depth of field, photorealistic, unretouched",three-quarter view turned to the left,headshot,hard directional sunlight,warm beige wall,neutral
portraits,m_slav_30s_avg__portrait_02,m_slav_30s_avg,"photorealistic head and shoulders portrait of a Slavic European man in his early 30s, fair skin, light brown hair, short beard, blue eyes and a long face, wearing a plain navy long-sleeve top and beige trousers, three-quarter view turned to the right, strong side light, white seamless studio, neutral expression, natural skin texture, visible pores and fine skin detail, realistic fabric drape, shot on 85mm lens, shallow depth of field, photorealistic, unretouched",three-quarter view turned to the right,headshot,strong side light,white seamless studio,neutral
portraits,m_slav_30s_avg__portrait_03,m_slav_30s_avg,"photorealistic head and shoulders portrait of a Slavic European man in his early 30s, fair skin, light brown hair, short beard, blue eyes and a long face, wearing a plain grey knit top and black trousers, near profile view, rim light from behind, blurred outdoor street, neutral expression, natural skin texture, visible pores and fine skin detail, realistic fabric drape, shot on 85mm lens, shallow depth of field, photorealistic, unretouched",near profile view,headshot,rim light from behind,blurred outdoor street,neutral
portraits,m_slav_30s_avg__portrait_04,m_slav_30s_avg,"photorealistic head and shoulders portrait of a Slavic European man in his early 30s, fair skin, light brown hair, short beard, blue eyes and a long face, wearing a plain olive shirt and dark jeans, shot from slightly above eye level, soft diffused daylight, blurred plain interior, neutral expression, natural skin texture, visible pores and fine skin detail, realistic fabric drape, shot on 85mm lens, shallow depth of field, photorealistic, unretouched",shot from slightly above eye level,headshot,soft diffused daylight,blurred plain interior,neutral
portraits,m_slav_30s_avg__portrait_05,m_slav_30s_avg,"photorealistic head and shoulders portrait of a Slavic European man in his early 30s, fair skin, light brown hair, short beard, blue eyes and a long face, wearing a plain white t-shirt and dark grey trousers, shot from slightly below eye level, hard directional sunlight, soft gradient backdrop, neutral expression, natural skin texture, visible pores and fine skin detail, realistic fabric drape, shot on 85mm lens, shallow depth of field, photorealistic, unretouched",shot from slightly below eye level,headshot,hard directional sunlight,soft gradient backdrop,neutral
poses,pose_woman_000,poses_woman,"photorealistic full body photograph of a woman wearing a plain white top and blue jeans, standing straight, arms relaxed at the sides, plain light grey studio backdrop, even soft lighting, whole figure in frame with the feet visible, natural skin texture, visible pores and fine skin detail, realistic fabric drape, shot on 85mm lens, shallow depth of field, photorealistic, unretouched",,full body,even soft,plain grey studio,neutral
poses,pose_woman_001,poses_woman,"photorealistic full body photograph of a woman wearing a plain white top and blue jeans, standing with weight on one hip, one hand on the hip, plain light grey studio backdrop, even soft lighting, whole figure in frame with the feet visible, natural skin texture, visible pores and fine skin detail, realistic fabric drape, shot on 85mm lens, shallow depth of field, photorealistic, unretouched",,full body,even soft,plain grey studio,neutral
poses,pose_woman_002,poses_woman,"photorealistic full body photograph of a woman wearing a plain white top and blue jeans, standing with both hands in pockets, plain light grey studio backdrop, even soft lighting, whole figure in frame with the feet visible, natural skin texture, visible pores and fine skin detail, realistic fabric drape, shot on 85mm lens, shallow depth of field, photorealistic, unretouched",,full body,even soft,plain grey studio,neutral
poses,pose_woman_003,poses_woman,"photorealistic full body photograph of a woman wearing a plain white top and blue jeans, standing with arms crossed, plain light grey studio backdrop, even soft lighting, whole figure in frame with the feet visible, natural skin texture, visible pores and fine skin detail, realistic fabric drape, shot on 85mm lens, shallow depth of field, photorealistic, unretouched",,full body,even soft,plain grey studio,neutral
poses,pose_woman_004,poses_woman,"photorealistic full body photograph of a woman wearing a plain white top and blue jeans, walking towards the camera mid-stride, plain light grey studio backdrop, even soft lighting, whole figure in frame with the feet visible, natural skin texture, visible pores and fine skin detail, realistic fabric drape, shot on 85mm lens, shallow depth of field, photorealistic, unretouched",,full body,even soft,plain grey studio,neutral
poses,pose_woman_005,poses_woman,"photorealistic full body photograph of a woman wearing a plain white top and blue jeans, walking away, glancing back over the shoulder, plain light grey studio backdrop, even soft lighting, whole figure in frame with the feet visible, natural skin texture, visible pores and fine skin detail, realistic fabric drape, shot on 85mm lens, shallow depth of field, photorealistic, unretouched",,full body,even soft,plain grey studio,neutral
poses,pose_woman_006,poses_woman,"photorealistic full body photograph of a woman wearing a plain white top and blue jeans, standing in three-quarter turn, looking over the shoulder, plain light grey studio backdrop, even soft lighting, whole figure in frame with the feet visible, natural skin texture, visible pores and fine skin detail, realistic fabric drape, shot on 85mm lens, shallow depth of field, photorealistic, unretouched",,full body,even soft,plain grey studio,neutral
poses,pose_woman_007,poses_woman,"photorealistic full body photograph of a woman wearing a plain white top and blue jeans, leaning back against a wall, plain light grey studio backdrop, even soft lighting, whole figure in frame with the feet visible, natural skin texture, visible pores and fine skin detail, realistic fabric drape, shot on 85mm lens, shallow depth of field, photorealistic, unretouched",,full body,even soft,plain grey studio,neutral
poses,pose_woman_008,poses_woman,"photorealistic full body photograph of a woman wearing a plain white top and blue jeans, leaning sideways against a wall, one foot flexed, plain light grey studio backdrop, even soft lighting, whole figure in frame with the feet visible, natural skin texture, visible pores and fine skin detail, realistic fabric drape, shot on 85mm lens, shallow depth of field, photorealistic, unretouched",,full body,even soft,plain grey studio,neutral
poses,pose_woman_009,poses_woman,"photorealistic full body photograph of a woman wearing a plain white top and blue jeans, sitting on a low stool, back straight, plain light grey studio backdrop, even soft lighting, whole figure in frame with the feet visible, natural skin texture, visible pores and fine skin detail, realistic fabric drape, shot on 85mm lens, shallow depth of field, photorealistic, unretouched",,full body,even soft,plain grey studio,neutral
poses,pose_woman_010,poses_woman,"photorealistic full body photograph of a woman wearing a plain white top and blue jeans, sitting on the floor, legs extended to one side, plain light grey studio backdrop, even soft lighting, whole figure in frame with the feet visible, natural skin texture, visible pores and fine skin detail, realistic fabric drape, shot on 85mm lens, shallow depth of field, photorealistic, unretouched",,full body,even soft,plain grey studio,neutral
poses,pose_woman_011,poses_woman,"photorealistic full body photograph of a woman wearing a plain white top and blue jeans, sitting cross-legged on the floor, plain light grey studio backdrop, even soft lighting, whole figure in frame with the feet visible, natural skin texture, visible pores and fine skin detail, realistic fabric drape, shot on 85mm lens, shallow depth of field, photorealistic, unretouched",,full body,even soft,plain grey studio,neutral
poses,pose_woman_012,poses_woman,"photorealistic full body photograph of a woman wearing a plain white top and blue jeans, sitting on the floor, knees drawn up, arms resting on the knees, plain light grey studio backdrop, even soft lighting, whole figure in frame with the feet visible, natural skin texture, visible pores and fine skin detail, realistic fabric drape, shot on 85mm lens, shallow depth of field, photorealistic, unretouched",,full body,even soft,plain grey studio,neutral
poses,pose_woman_013,poses_woman,"photorealistic full body photograph of a woman wearing a plain white top and blue jeans, crouching on the balls of the feet, plain light grey studio backdrop, even soft lighting, whole figure in frame with the feet visible, natural skin texture, visible pores and fine skin detail, realistic fabric drape, shot on 85mm lens, shallow depth of field, photorealistic, unretouched",,full body,even soft,plain grey studio,neutral
poses,pose_woman_014,poses_woman,"photorealistic full body photograph of a woman wearing a plain white top and blue jeans, kneeling upright on both knees, plain light grey studio backdrop, even soft lighting, whole figure in frame with the feet visible, natural skin texture, visible pores and fine skin detail, realistic fabric drape, shot on 85mm lens, shallow depth of field, photorealistic, unretouched",,full body,even soft,plain grey studio,neutral
poses,pose_woman_015,poses_woman,"photorealistic full body photograph of a woman wearing a plain white top and blue jeans, one hand raised to the hair, elbow out, plain light grey studio backdrop, even soft lighting, whole figure in frame with the feet visible, natural skin texture, visible pores and fine skin detail, realistic fabric drape, shot on 85mm lens, shallow depth of field, photorealistic, unretouched",,full body,even soft,plain grey studio,neutral
poses,pose_woman_016,poses_woman,"photorealistic full body photograph of a woman wearing a plain white top and blue jeans, both hands raised to the back of the head, plain light grey studio backdrop, even soft lighting, whole figure in frame with the feet visible, natural skin texture, visible pores and fine skin detail, realistic fabric drape, shot on 85mm lens, shallow depth of field, photorealistic, unretouched",,full body,even soft,plain grey studio,neutral
poses,pose_woman_017,poses_woman,"photorealistic full body photograph of a woman wearing a plain white top and blue jeans, hands clasped in front, standing tall, plain light grey studio backdrop, even soft lighting, whole figure in frame with the feet visible, natural skin texture, visible pores and fine skin detail, realistic fabric drape, shot on 85mm lens, shallow depth of field, photorealistic, unretouched",,full body,even soft,plain grey studio,neutral
poses,pose_woman_018,poses_woman,"photorealistic full body photograph of a woman wearing a plain white top and blue jeans, one arm extended down, the other hand touching the collar, plain light grey studio backdrop, even soft lighting, whole figure in frame with the feet visible, natural skin texture, visible pores and fine skin detail, realistic fabric drape, shot on 85mm lens, shallow depth of field, photorealistic, unretouched",,full body,even soft,plain grey studio,neutral
poses,pose_woman_019,poses_woman,"photorealistic full body photograph of a woman wearing a plain white top and blue jeans, half turned away, head turned back to camera, plain light grey studio backdrop, even soft lighting, whole figure in frame with the feet visible, natural skin texture, visible pores and fine skin detail, realistic fabric drape, shot on 85mm lens, shallow depth of field, photorealistic, unretouched",,full body,even soft,plain grey studio,neutral
poses,pose_woman_020,poses_woman,"photorealistic full body photograph of a woman wearing a plain white top and blue jeans, seated on a chair, leaning forward, elbows on the knees, plain light grey studio backdrop, even soft lighting, whole figure in frame with the feet visible, natural skin texture, visible pores and fine skin detail, realistic fabric drape, shot on 85mm lens, shallow depth of field, photorealistic, unretouched",,full body,even soft,plain grey studio,neutral
poses,pose_woman_021,poses_woman,"photorealistic full body photograph of a woman wearing a plain white top and blue jeans, seated on a chair, legs crossed, plain light grey studio backdrop, even soft lighting, whole figure in frame with the feet visible, natural skin texture, visible pores and fine skin detail, realistic fabric drape, shot on 85mm lens, shallow depth of field, photorealistic, unretouched",,full body,even soft,plain grey studio,neutral
poses,pose_woman_022,poses_woman,"photorealistic full body photograph of a woman wearing a plain white top and blue jeans, standing on tiptoe, arms slightly out for balance, plain light grey studio backdrop, even soft lighting, whole figure in frame with the feet visible, natural skin texture, visible pores and fine skin detail, realistic fabric drape, shot on 85mm lens, shallow depth of field, photorealistic, unretouched",,full body,even soft,plain grey studio,neutral
poses,pose_woman_023,poses_woman,"photorealistic full body photograph of a woman wearing a plain white top and blue jeans, mid-twist, torso turned away and face to camera, plain light grey studio backdrop, even soft lighting, whole figure in frame with the feet visible, natural skin texture, visible pores and fine skin detail, realistic fabric drape, shot on 85mm lens, shallow depth of field, photorealistic, unretouched",,full body,even soft,plain grey studio,neutral
poses,pose_woman_024,poses_woman,"photorealistic full body photograph of a woman wearing a plain white top and blue jeans, standing with one leg crossed over the other, plain light grey studio backdrop, even soft lighting, whole figure in frame with the feet visible, natural skin texture, visible pores and fine skin detail, realistic fabric drape, shot on 85mm lens, shallow depth of field, photorealistic, unretouched",,full body,even soft,plain grey studio,neutral
poses,pose_woman_025,poses_woman,"photorealistic full body photograph of a woman wearing a plain white top and blue jeans, hands adjusting a cuff at the wrist, plain light grey studio backdrop, even soft lighting, whole figure in frame with the feet visible, natural skin texture, visible pores and fine skin detail, realistic fabric drape, shot on 85mm lens, shallow depth of field, photorealistic, unretouched",,full body,even soft,plain grey studio,neutral
poses,pose_woman_026,poses_woman,"photorealistic full body photograph of a woman wearing a plain white top and blue jeans, hands adjusting a collar, plain light grey studio backdrop, even soft lighting, whole figure in frame with the feet visible, natural skin texture, visible pores and fine skin detail, realistic fabric drape, shot on 85mm lens, shallow depth of field, photorealistic, unretouched",,full body,even soft,plain grey studio,neutral
poses,pose_woman_027,poses_woman,"photorealistic full body photograph of a woman wearing a plain white top and blue jeans, arms loose, caught mid-laugh, plain light grey studio backdrop, even soft lighting, whole figure in frame with the feet visible, natural skin texture, visible pores and fine skin detail, realistic fabric drape, shot on 85mm lens, shallow depth of field, photorealistic, unretouched",,full body,even soft,plain grey studio,neutral
poses,pose_woman_028,poses_woman,"photorealistic full body photograph of a woman wearing a plain white top and blue jeans, standing square to camera, chin slightly lifted, plain light grey studio backdrop, even soft lighting, whole figure in frame with the feet visible, natural skin texture, visible pores and fine skin detail, realistic fabric drape, shot on 85mm lens, shallow depth of field, photorealistic, unretouched",,full body,even soft,plain grey studio,neutral
poses,pose_woman_029,poses_woman,"photorealistic full body photograph of a woman wearing a plain white top and blue jeans, reclining on one elbow on the floor, plain light grey studio backdrop, even soft lighting, whole figure in frame with the feet visible, natural skin texture, visible pores and fine skin detail, realistic fabric drape, shot on 85mm lens, shallow depth of field, photorealistic, unretouched",,full body,even soft,plain grey studio,neutral
poses,pose_man_000,poses_man,"photorealistic full body photograph of a man wearing a plain white t-shirt and blue jeans, standing straight, arms relaxed at the sides, plain light grey studio backdrop, even soft lighting, whole figure in frame with the feet visible, natural skin texture, visible pores and fine skin detail, realistic fabric drape, shot on 85mm lens, shallow depth of field, photorealistic, unretouched",,full body,even soft,plain grey studio,neutral
poses,pose_man_001,poses_man,"photorealistic full body photograph of a man wearing a plain white t-shirt and blue jeans, standing with weight on one hip, one hand on the hip, plain light grey studio backdrop, even soft lighting, whole figure in frame with the feet visible, natural skin texture, visible pores and fine skin detail, realistic fabric drape, shot on 85mm lens, shallow depth of field, photorealistic, unretouched",,full body,even soft,plain grey studio,neutral
poses,pose_man_002,poses_man,"photorealistic full body photograph of a man wearing a plain white t-shirt and blue jeans, standing with both hands in pockets, plain light grey studio backdrop, even soft lighting, whole figure in frame with the feet visible, natural skin texture, visible pores and fine skin detail, realistic fabric drape, shot on 85mm lens, shallow depth of field, photorealistic, unretouched",,full body,even soft,plain grey studio,neutral
poses,pose_man_003,poses_man,"photorealistic full body photograph of a man wearing a plain white t-shirt and blue jeans, standing with arms crossed, plain light grey studio backdrop, even soft lighting, whole figure in frame with the feet visible, natural skin texture, visible pores and fine skin detail, realistic fabric drape, shot on 85mm lens, shallow depth of field, photorealistic, unretouched",,full body,even soft,plain grey studio,neutral
poses,pose_man_004,poses_man,"photorealistic full body photograph of a man wearing a plain white t-shirt and blue jeans, walking towards the camera mid-stride, plain light grey studio backdrop, even soft lighting, whole figure in frame with the feet visible, natural skin texture, visible pores and fine skin detail, realistic fabric drape, shot on 85mm lens, shallow depth of field, photorealistic, unretouched",,full body,even soft,plain grey studio,neutral
poses,pose_man_005,poses_man,"photorealistic full body photograph of a man wearing a plain white t-shirt and blue jeans, walking away, glancing back over the shoulder, plain light grey studio backdrop, even soft lighting, whole figure in frame with the feet visible, natural skin texture, visible pores and fine skin detail, realistic fabric drape, shot on 85mm lens, shallow depth of field, photorealistic, unretouched",,full body,even soft,plain grey studio,neutral
poses,pose_man_006,poses_man,"photorealistic full body photograph of a man wearing a plain white t-shirt and blue jeans, standing in three-quarter turn, looking over the shoulder, plain light grey studio backdrop, even soft lighting, whole figure in frame with the feet visible, natural skin texture, visible pores and fine skin detail, realistic fabric drape, shot on 85mm lens, shallow depth of field, photorealistic, unretouched",,full body,even soft,plain grey studio,neutral
poses,pose_man_007,poses_man,"photorealistic full body photograph of a man wearing a plain white t-shirt and blue jeans, leaning back against a wall, plain light grey studio backdrop, even soft lighting, whole figure in frame with the feet visible, natural skin texture, visible pores and fine skin detail, realistic fabric drape, shot on 85mm lens, shallow depth of field, photorealistic, unretouched",,full body,even soft,plain grey studio,neutral
poses,pose_man_008,poses_man,"photorealistic full body photograph of a man wearing a plain white t-shirt and blue jeans, leaning sideways against a wall, one foot flexed, plain light grey studio backdrop, even soft lighting, whole figure in frame with the feet visible, natural skin texture, visible pores and fine skin detail, realistic fabric drape, shot on 85mm lens, shallow depth of field, photorealistic, unretouched",,full body,even soft,plain grey studio,neutral
poses,pose_man_009,poses_man,"photorealistic full body photograph of a man wearing a plain white t-shirt and blue jeans, sitting on a low stool, back straight, plain light grey studio backdrop, even soft lighting, whole figure in frame with the feet visible, natural skin texture, visible pores and fine skin detail, realistic fabric drape, shot on 85mm lens, shallow depth of field, photorealistic, unretouched",,full body,even soft,plain grey studio,neutral
poses,pose_man_010,poses_man,"photorealistic full body photograph of a man wearing a plain white t-shirt and blue jeans, sitting on the floor, legs extended to one side, plain light grey studio backdrop, even soft lighting, whole figure in frame with the feet visible, natural skin texture, visible pores and fine skin detail, realistic fabric drape, shot on 85mm lens, shallow depth of field, photorealistic, unretouched",,full body,even soft,plain grey studio,neutral
poses,pose_man_011,poses_man,"photorealistic full body photograph of a man wearing a plain white t-shirt and blue jeans, sitting cross-legged on the floor, plain light grey studio backdrop, even soft lighting, whole figure in frame with the feet visible, natural skin texture, visible pores and fine skin detail, realistic fabric drape, shot on 85mm lens, shallow depth of field, photorealistic, unretouched",,full body,even soft,plain grey studio,neutral
poses,pose_man_012,poses_man,"photorealistic full body photograph of a man wearing a plain white t-shirt and blue jeans, sitting on the floor, knees drawn up, arms resting on the knees, plain light grey studio backdrop, even soft lighting, whole figure in frame with the feet visible, natural skin texture, visible pores and fine skin detail, realistic fabric drape, shot on 85mm lens, shallow depth of field, photorealistic, unretouched",,full body,even soft,plain grey studio,neutral
poses,pose_man_013,poses_man,"photorealistic full body photograph of a man wearing a plain white t-shirt and blue jeans, crouching on the balls of the feet, plain light grey studio backdrop, even soft lighting, whole figure in frame with the feet visible, natural skin texture, visible pores and fine skin detail, realistic fabric drape, shot on 85mm lens, shallow depth of field, photorealistic, unretouched",,full body,even soft,plain grey studio,neutral
poses,pose_man_014,poses_man,"photorealistic full body photograph of a man wearing a plain white t-shirt and blue jeans, kneeling upright on both knees, plain light grey studio backdrop, even soft lighting, whole figure in frame with the feet visible, natural skin texture, visible pores and fine skin detail, realistic fabric drape, shot on 85mm lens, shallow depth of field, photorealistic, unretouched",,full body,even soft,plain grey studio,neutral
poses,pose_man_015,poses_man,"photorealistic full body photograph of a man wearing a plain white t-shirt and blue jeans, one hand raised to the hair, elbow out, plain light grey studio backdrop, even soft lighting, whole figure in frame with the feet visible, natural skin texture, visible pores and fine skin detail, realistic fabric drape, shot on 85mm lens, shallow depth of field, photorealistic, unretouched",,full body,even soft,plain grey studio,neutral
poses,pose_man_016,poses_man,"photorealistic full body photograph of a man wearing a plain white t-shirt and blue jeans, both hands raised to the back of the head, plain light grey studio backdrop, even soft lighting, whole figure in frame with the feet visible, natural skin texture, visible pores and fine skin detail, realistic fabric drape, shot on 85mm lens, shallow depth of field, photorealistic, unretouched",,full body,even soft,plain grey studio,neutral
poses,pose_man_017,poses_man,"photorealistic full body photograph of a man wearing a plain white t-shirt and blue jeans, hands clasped in front, standing tall, plain light grey studio backdrop, even soft lighting, whole figure in frame with the feet visible, natural skin texture, visible pores and fine skin detail, realistic fabric drape, shot on 85mm lens, shallow depth of field, photorealistic, unretouched",,full body,even soft,plain grey studio,neutral
poses,pose_man_018,poses_man,"photorealistic full body photograph of a man wearing a plain white t-shirt and blue jeans, one arm extended down, the other hand touching the collar, plain light grey studio backdrop, even soft lighting, whole figure in frame with the feet visible, natural skin texture, visible pores and fine skin detail, realistic fabric drape, shot on 85mm lens, shallow depth of field, photorealistic, unretouched",,full body,even soft,plain grey studio,neutral
poses,pose_man_019,poses_man,"photorealistic full body photograph of a man wearing a plain white t-shirt and blue jeans, half turned away, head turned back to camera, plain light grey studio backdrop, even soft lighting, whole figure in frame with the feet visible, natural skin texture, visible pores and fine skin detail, realistic fabric drape, shot on 85mm lens, shallow depth of field, photorealistic, unretouched",,full body,even soft,plain grey studio,neutral
poses,pose_man_020,poses_man,"photorealistic full body photograph of a man wearing a plain white t-shirt and blue jeans, seated on a chair, leaning forward, elbows on the knees, plain light grey studio backdrop, even soft lighting, whole figure in frame with the feet visible, natural skin texture, visible pores and fine skin detail, realistic fabric drape, shot on 85mm lens, shallow depth of field, photorealistic, unretouched",,full body,even soft,plain grey studio,neutral
poses,pose_man_021,poses_man,"photorealistic full body photograph of a man wearing a plain white t-shirt and blue jeans, seated on a chair, legs crossed, plain light grey studio backdrop, even soft lighting, whole figure in frame with the feet visible, natural skin texture, visible pores and fine skin detail, realistic fabric drape, shot on 85mm lens, shallow depth of field, photorealistic, unretouched",,full body,even soft,plain grey studio,neutral
poses,pose_man_022,poses_man,"photorealistic full body photograph of a man wearing a plain white t-shirt and blue jeans, standing on tiptoe, arms slightly out for balance, plain light grey studio backdrop, even soft lighting, whole figure in frame with the feet visible, natural skin texture, visible pores and fine skin detail, realistic fabric drape, shot on 85mm lens, shallow depth of field, photorealistic, unretouched",,full body,even soft,plain grey studio,neutral
poses,pose_man_023,poses_man,"photorealistic full body photograph of a man wearing a plain white t-shirt and blue jeans, mid-twist, torso turned away and face to camera, plain light grey studio backdrop, even soft lighting, whole figure in frame with the feet visible, natural skin texture, visible pores and fine skin detail, realistic fabric drape, shot on 85mm lens, shallow depth of field, photorealistic, unretouched",,full body,even soft,plain grey studio,neutral
poses,pose_man_024,poses_man,"photorealistic full body photograph of a man wearing a plain white t-shirt and blue jeans, standing with one leg crossed over the other, plain light grey studio backdrop, even soft lighting, whole figure in frame with the feet visible, natural skin texture, visible pores and fine skin detail, realistic fabric drape, shot on 85mm lens, shallow depth of field, photorealistic, unretouched",,full body,even soft,plain grey studio,neutral
poses,pose_man_025,poses_man,"photorealistic full body photograph of a man wearing a plain white t-shirt and blue jeans, hands adjusting a cuff at the wrist, plain light grey studio backdrop, even soft lighting, whole figure in frame with the feet visible, natural skin texture, visible pores and fine skin detail, realistic fabric drape, shot on 85mm lens, shallow depth of field, photorealistic, unretouched",,full body,even soft,plain grey studio,neutral
poses,pose_man_026,poses_man,"photorealistic full body photograph of a man wearing a plain white t-shirt and blue jeans, hands adjusting a collar, plain light grey studio backdrop, even soft lighting, whole figure in frame with the feet visible, natural skin texture, visible pores and fine skin detail, realistic fabric drape, shot on 85mm lens, shallow depth of field, photorealistic, unretouched",,full body,even soft,plain grey studio,neutral
poses,pose_man_027,poses_man,"photorealistic full body photograph of a man wearing a plain white t-shirt and blue jeans, arms loose, caught mid-laugh, plain light grey studio backdrop, even soft lighting, whole figure in frame with the feet visible, natural skin texture, visible pores and fine skin detail, realistic fabric drape, shot on 85mm lens, shallow depth of field, photorealistic, unretouched",,full body,even soft,plain grey studio,neutral
poses,pose_man_028,poses_man,"photorealistic full body photograph of a man wearing a plain white t-shirt and blue jeans, standing square to camera, chin slightly lifted, plain light grey studio backdrop, even soft lighting, whole figure in frame with the feet visible, natural skin texture, visible pores and fine skin detail, realistic fabric drape, shot on 85mm lens, shallow depth of field, photorealistic, unretouched",,full body,even soft,plain grey studio,neutral
poses,pose_man_029,poses_man,"photorealistic full body photograph of a man wearing a plain white t-shirt and blue jeans, reclining on one elbow on the floor, plain light grey studio backdrop, even soft lighting, whole figure in frame with the feet visible, natural skin texture, visible pores and fine skin detail, realistic fabric drape, shot on 85mm lens, shallow depth of field, photorealistic, unretouched",,full body,even soft,plain grey studio,neutral
backgrounds,backgrounds_000,backgrounds,"photorealistic empty scene, seamless white studio cyclorama, no people and no objects, wide framing suitable as a photographic backdrop, realistic surface texture, natural light falloff, photorealistic, high detail, no people",,,,,
backgrounds,backgrounds_001,backgrounds,"photorealistic empty scene, seamless light grey studio backdrop, no people and no objects, wide framing suitable as a photographic backdrop, realistic surface texture, natural light falloff, photorealistic, high detail, no people",,,,,
backgrounds,backgrounds_002,backgrounds,"photorealistic empty scene, seamless warm beige backdrop, no people and no objects, wide framing suitable as a photographic backdrop, realistic surface texture, natural light falloff, photorealistic, high detail, no people",,,,,
backgrounds,backgrounds_003,backgrounds,"photorealistic empty scene, seamless deep charcoal backdrop, no people and no objects, wide framing suitable as a photographic backdrop, realistic surface texture, natural light falloff, photorealistic, high detail, no people",,,,,
backgrounds,backgrounds_004,backgrounds,"photorealistic empty scene, seamless terracotta backdrop, no people and no objects, wide framing suitable as a photographic backdrop, realistic surface texture, natural light falloff, photorealistic, high detail, no people",,,,,
backgrounds,backgrounds_005,backgrounds,"photorealistic empty scene, seamless sage green backdrop, no people and no objects, wide framing suitable as a photographic backdrop, realistic surface texture, natural light falloff, photorealistic, high detail, no people",,,,,
backgrounds,backgrounds_006,backgrounds,"photorealistic empty scene, textured plaster wall in a warm tone, no people and no objects, wide framing suitable as a photographic backdrop, realistic surface texture, natural light falloff, photorealistic, high detail, no people",,,,,
backgrounds,backgrounds_007,backgrounds,"photorealistic empty scene, textured concrete wall in a cool tone, no people and no objects, wide framing suitable as a photographic backdrop, realistic surface texture, natural light falloff, photorealistic, high detail, no people",,,,,
backgrounds,backgrounds_008,backgrounds,"photorealistic empty scene, muted painted brick wall, no people and no objects, wide framing suitable as a photographic backdrop, realistic surface texture, natural light falloff, photorealistic, high detail, no people",,,,,
backgrounds,backgrounds_009,backgrounds,"photorealistic empty scene, cream fabric drape backdrop, no people and no objects, wide framing suitable as a photographic backdrop, realistic surface texture, natural light falloff, photorealistic, high detail, no people",,,,,
backgrounds,backgrounds_010,backgrounds,"photorealistic empty scene, grey fabric drape backdrop, no people and no objects, wide framing suitable as a photographic backdrop, realistic surface texture, natural light falloff, photorealistic, high detail, no people",,,,,
backgrounds,backgrounds_011,backgrounds,"photorealistic empty scene, minimal interior with a window and daylight, no people and no objects, wide framing suitable as a photographic backdrop, realistic surface texture, natural light falloff, photorealistic, high detail, no people",,,,,
backgrounds,backgrounds_012,backgrounds,"photorealistic empty scene, minimal interior with a wooden floor and plain walls, no people and no objects, wide framing suitable as a photographic backdrop, realistic surface texture, natural light falloff, photorealistic, high detail, no people",,,,,
backgrounds,backgrounds_013,backgrounds,"photorealistic empty scene, sunlit room with long window shadows, no people and no objects, wide framing suitable as a photographic backdrop, realistic surface texture, natural light falloff, photorealistic, high detail, no people",,,,,
backgrounds,backgrounds_014,backgrounds,"photorealistic empty scene, modern lobby with clean lines, no people and no objects, wide framing suitable as a photographic backdrop, realistic surface texture, natural light falloff, photorealistic, high detail, no people",,,,,
backgrounds,backgrounds_015,backgrounds,"photorealistic empty scene, blurred city street in daytime, no people and no objects, wide framing suitable as a photographic backdrop, realistic surface texture, natural light falloff, photorealistic, high detail, no people",,,,,
backgrounds,backgrounds_016,backgrounds,"photorealistic empty scene, blurred city street at golden hour, no people and no objects, wide framing suitable as a photographic backdrop, realistic surface texture, natural light falloff, photorealistic, high detail, no people",,,,,
backgrounds,backgrounds_017,backgrounds,"photorealistic empty scene, blurred park greenery, no people and no objects, wide framing suitable as a photographic backdrop, realistic surface texture, natural light falloff, photorealistic, high detail, no people",,,,,
backgrounds,backgrounds_018,backgrounds,"photorealistic empty scene, desert sand and open sky, no people and no objects, wide framing suitable as a photographic backdrop, realistic surface texture, natural light falloff, photorealistic, high detail, no people",,,,,
backgrounds,backgrounds_019,backgrounds,"photorealistic empty scene, old town stone architecture, no people and no objects, wide framing suitable as a photographic backdrop, realistic surface texture, natural light falloff, photorealistic, high detail, no people",,,,,
backgrounds,backgrounds_020,backgrounds,"photorealistic empty scene, marble surface with a soft shadow, no people and no objects, wide framing suitable as a photographic backdrop, realistic surface texture, natural light falloff, photorealistic, high detail, no people",,,,,
backgrounds,backgrounds_021,backgrounds,"photorealistic empty scene, gradient backdrop from light to dark grey, no people and no objects, wide framing suitable as a photographic backdrop, realistic surface texture, natural light falloff, photorealistic, high detail, no people",,,,,
backgrounds,backgrounds_022,backgrounds,"photorealistic empty scene, gradient backdrop from warm cream to tan, no people and no objects, wide framing suitable as a photographic backdrop, realistic surface texture, natural light falloff, photorealistic, high detail, no people",,,,,
backgrounds,backgrounds_023,backgrounds,"photorealistic empty scene, outdoor courtyard in midday shade, no people and no objects, wide framing suitable as a photographic backdrop, realistic surface texture, natural light falloff, photorealistic, high detail, no people",,,,,
backgrounds,backgrounds_024,backgrounds,"photorealistic empty scene, plain studio with a visible floor line, no people and no objects, wide framing suitable as a photographic backdrop, realistic surface texture, natural light falloff, photorealistic, high detail, no people",,,,,
photography_styles,photography_styles_000,photography_styles,"photorealistic full body fashion photograph of a person in plain clothing on a plain backdrop, clean e-commerce catalogue lighting, even and shadowless, natural skin texture, visible pores and fine skin detail, realistic fabric drape, shot on 85mm lens, shallow depth of field, photorealistic, unretouched",,,,,
photography_styles,photography_styles_001,photography_styles,"photorealistic full body fashion photograph of a person in plain clothing on a plain backdrop, editorial fashion photography with dramatic contrast, natural skin texture, visible pores and fine skin detail, realistic fabric drape, shot on 85mm lens, shallow depth of field, photorealistic, unretouched",,,,,
photography_styles,photography_styles_002,photography_styles,"photorealistic full body fashion photograph of a person in plain clothing on a plain backdrop, soft natural window light, lifestyle feel, natural skin texture, visible pores and fine skin detail, realistic fabric drape, shot on 85mm lens, shallow depth of field, photorealistic, unretouched",,,,,
photography_styles,photography_styles_003,photography_styles,"photorealistic full body fashion photograph of a person in plain clothing on a plain backdrop, high-key, bright and airy, natural skin texture, visible pores and fine skin detail, realistic fabric drape, shot on 85mm lens, shallow depth of field, photorealistic, unretouched",,,,,
photography_styles,photography_styles_004,photography_styles,"photorealistic full body fashion photograph of a person in plain clothing on a plain backdrop, low-key and moody with deep shadows, natural skin texture, visible pores and fine skin detail, realistic fabric drape, shot on 85mm lens, shallow depth of field, photorealistic, unretouched",,,,,
photography_styles,photography_styles_005,photography_styles,"photorealistic full body fashion photograph of a person in plain clothing on a plain backdrop, golden hour warm backlight, natural skin texture, visible pores and fine skin detail, realistic fabric drape, shot on 85mm lens, shallow depth of field, photorealistic, unretouched",,,,,
photography_styles,photography_styles_006,photography_styles,"photorealistic full body fashion photograph of a person in plain clothing on a plain backdrop, overcast diffuse daylight, natural skin texture, visible pores and fine skin detail, realistic fabric drape, shot on 85mm lens, shallow depth of field, photorealistic, unretouched",,,,,
photography_styles,photography_styles_007,photography_styles,"photorealistic full body fashion photograph of a person in plain clothing on a plain backdrop, hard direct on-camera flash, natural skin texture, visible pores and fine skin detail, realistic fabric drape, shot on 85mm lens, shallow depth of field, photorealistic, unretouched",,,,,
photography_styles,photography_styles_008,photography_styles,"photorealistic full body fashion photograph of a person in plain clothing on a plain backdrop, film photography grain with muted colour, natural skin texture, visible pores and fine skin detail, realistic fabric drape, shot on 85mm lens, shallow depth of field, photorealistic, unretouched",,,,,
photography_styles,photography_styles_009,photography_styles,"photorealistic full body fashion photograph of a person in plain clothing on a plain backdrop, black and white fine art, natural skin texture, visible pores and fine skin detail, realistic fabric drape, shot on 85mm lens, shallow depth of field, photorealistic, unretouched",,,,,
photography_styles,photography_styles_010,photography_styles,"photorealistic full body fashion photograph of a person in plain clothing on a plain backdrop, polished studio three-point lighting, natural skin texture, visible pores and fine skin detail, realistic fabric drape, shot on 85mm lens, shallow depth of field, photorealistic, unretouched",,,,,
photography_styles,photography_styles_011,photography_styles,"photorealistic full body fashion photograph of a person in plain clothing on a plain backdrop, candid documentary feel, natural skin texture, visible pores and fine skin detail, realistic fabric drape, shot on 85mm lens, shallow depth of field, photorealistic, unretouched",,,,,
photography_styles,photography_styles_012,photography_styles,"photorealistic full body fashion photograph of a person in plain clothing on a plain backdrop, warm vintage colour grade, natural skin texture, visible pores and fine skin detail, realistic fabric drape, shot on 85mm lens, shallow depth of field, photorealistic, unretouched",,,,,
photography_styles,photography_styles_013,photography_styles,"photorealistic full body fashion photograph of a person in plain clothing on a plain backdrop, cool desaturated modern grade, natural skin texture, visible pores and fine skin detail, realistic fabric drape, shot on 85mm lens, shallow depth of field, photorealistic, unretouched",,,,,
photography_styles,photography_styles_014,photography_styles,"photorealistic full body fashion photograph of a person in plain clothing on a plain backdrop, beauty lighting, soft and frontal with minimal shadow, natural skin texture, visible pores and fine skin detail, realistic fabric drape, shot on 85mm lens, shallow depth of field, photorealistic, unretouched",,,,,
clothing,clothing_000,tops,"professional e-commerce product photograph of a plain white cotton t-shirt, laid flat on a plain white background, centred, even shadowless lighting, no model, sharp material texture, visible fabric weave and stitching, accurate colour, soft natural contact shadow, photorealistic product photography, high detail",,,even shadowless,white,
clothing,clothing_001,tops,"professional e-commerce product photograph of a plain black t-shirt, laid flat on a plain white background, centred, even shadowless lighting, no model, sharp material texture, visible fabric weave and stitching, accurate colour, soft natural contact shadow, photorealistic product photography, high detail",,,even shadowless,white,
clothing,clothing_002,tops,"professional e-commerce product photograph of a white cotton shirt, laid flat on a plain white background, centred, even shadowless lighting, no model, sharp material texture, visible fabric weave and stitching, accurate colour, soft natural contact shadow, photorealistic product photography, high detail",,,even shadowless,white,
clothing,clothing_003,tops,"professional e-commerce product photograph of a light blue oxford shirt, laid flat on a plain white background, centred, even shadowless lighting, no model, sharp material texture, visible fabric weave and stitching, accurate colour, soft natural contact shadow, photorealistic product photography, high detail",,,even shadowless,white,
clothing,clothing_004,tops,"professional e-commerce product photograph of a grey marl sweatshirt, laid flat on a plain white background, centred, even shadowless lighting, no model, sharp material texture, visible fabric weave and stitching, accurate colour, soft natural contact shadow, photorealistic product photography, high detail",,,even shadowless,white,
clothing,clothing_005,tops,"professional e-commerce product photograph of a cream knit jumper, laid flat on a plain white background, centred, even shadowless lighting, no model, sharp material texture, visible fabric weave and stitching, accurate colour, soft natural contact shadow, photorealistic product photography, high detail",,,even shadowless,white,
clothing,clothing_006,tops,"professional e-commerce product photograph of a navy long-sleeve top, laid flat on a plain white background, centred, even shadowless lighting, no model, sharp material texture, visible fabric weave and stitching, accurate colour, soft natural contact shadow, photorealistic product photography, high detail",,,even shadowless,white,
clothing,clothing_007,tops,"professional e-commerce product photograph of a black ribbed tank top, laid flat on a plain white background, centred, even shadowless lighting, no model, sharp material texture, visible fabric weave and stitching, accurate colour, soft natural contact shadow, photorealistic product photography, high detail",,,even shadowless,white,
clothing,clothing_008,tops,"professional e-commerce product photograph of a beige linen blouse, laid flat on a plain white background, centred, even shadowless lighting, no model, sharp material texture, visible fabric weave and stitching, accurate colour, soft natural contact shadow, photorealistic product photography, high detail",,,even shadowless,white,
clothing,clothing_009,tops,"professional e-commerce product photograph of a striped long-sleeve tee, laid flat on a plain white background, centred, even shadowless lighting, no model, sharp material texture, visible fabric weave and stitching, accurate colour, soft natural contact shadow, photorealistic product photography, high detail",,,even shadowless,white,
clothing,clothing_010,bottoms,"professional e-commerce product photograph of straight blue jeans, laid flat on a plain white background, centred, even shadowless lighting, no model, sharp material texture, visible fabric weave and stitching, accurate colour, soft natural contact shadow, photorealistic product photography, high detail",,,even shadowless,white,
clothing,clothing_011,bottoms,"professional e-commerce product photograph of dark wash slim jeans, laid flat on a plain white background, centred, even shadowless lighting, no model, sharp material texture, visible fabric weave and stitching, accurate colour, soft natural contact shadow, photorealistic product photography, high detail",,,even shadowless,white,
clothing,clothing_012,bottoms,"professional e-commerce product photograph of black tailored trousers, laid flat on a plain white background, centred, even shadowless lighting, no model, sharp material texture, visible fabric weave and stitching, accurate colour, soft natural contact shadow, photorealistic product photography, high detail",,,even shadowless,white,
clothing,clothing_013,bottoms,"professional e-commerce product photograph of beige chino trousers, laid flat on a plain white background, centred, even shadowless lighting, no model, sharp material texture, visible fabric weave and stitching, accurate colour, soft natural contact shadow, photorealistic product photography, high detail",,,even shadowless,white,
clothing,clothing_014,bottoms,"professional e-commerce product photograph of wide-leg cream trousers, laid flat on a plain white background, centred, even shadowless lighting, no model, sharp material texture, visible fabric weave and stitching, accurate colour, soft natural contact shadow, photorealistic product photography, high detail",,,even shadowless,white,
clothing,clothing_015,bottoms,"professional e-commerce product photograph of a black midi skirt, laid flat on a plain white background, centred, even shadowless lighting, no model, sharp material texture, visible fabric weave and stitching, accurate colour, soft natural contact shadow, photorealistic product photography, high detail",,,even shadowless,white,
clothing,clothing_016,bottoms,"professional e-commerce product photograph of a denim mini skirt, laid flat on a plain white background, centred, even shadowless lighting, no model, sharp material texture, visible fabric weave and stitching, accurate colour, soft natural contact shadow, photorealistic product photography, high detail",,,even shadowless,white,
clothing,clothing_017,bottoms,"professional e-commerce product photograph of a pleated grey skirt, laid flat on a plain white background, centred, even shadowless lighting, no model, sharp material texture, visible fabric weave and stitching, accurate colour, soft natural contact shadow, photorealistic product photography, high detail",,,even shadowless,white,
clothing,clothing_018,outerwear,"professional e-commerce product photograph of a black leather jacket, laid flat on a plain white background, centred, even shadowless lighting, no model, sharp material texture, visible fabric weave and stitching, accurate colour, soft natural contact shadow, photorealistic product photography, high detail",,,even shadowless,white,
clothing,clothing_019,outerwear,"professional e-commerce product photograph of a beige trench coat, laid flat on a plain white background, centred, even shadowless lighting, no model, sharp material texture, visible fabric weave and stitching, accurate colour, soft natural contact shadow, photorealistic product photography, high detail",,,even shadowless,white,
clothing,clothing_020,outerwear,"professional e-commerce product photograph of a navy wool overcoat, laid flat on a plain white background, centred, even shadowless lighting, no model, sharp material texture, visible fabric weave and stitching, accurate colour, soft natural contact shadow, photorealistic product photography, high detail",,,even shadowless,white,
clothing,clothing_021,outerwear,"professional e-commerce product photograph of a denim jacket, laid flat on a plain white background, centred, even shadowless lighting, no model, sharp material texture, visible fabric weave and stitching, accurate colour, soft natural contact shadow, photorealistic product photography, high detail",,,even shadowless,white,
clothing,clothing_022,outerwear,"professional e-commerce product photograph of a grey blazer, laid flat on a plain white background, centred, even shadowless lighting, no model, sharp material texture, visible fabric weave and stitching, accurate colour, soft natural contact shadow, photorealistic product photography, high detail",,,even shadowless,white,
clothing,clothing_023,outerwear,"professional e-commerce product photograph of a quilted puffer jacket, laid flat on a plain white background, centred, even shadowless lighting, no model, sharp material texture, visible fabric weave and stitching, accurate colour, soft natural contact shadow, photorealistic product photography, high detail",,,even shadowless,white,
clothing,clothing_024,outerwear,"professional e-commerce product photograph of an olive utility jacket, laid flat on a plain white background, centred, even shadowless lighting, no model, sharp material texture, visible fabric weave and stitching, accurate colour, soft natural contact shadow, photorealistic product photography, high detail",,,even shadowless,white,
clothing,clothing_025,dresses,"professional e-commerce product photograph of a plain white midi dress, laid flat on a plain white background, centred, even shadowless lighting, no model, sharp material texture, visible fabric weave and stitching, accurate colour, soft natural contact shadow, photorealistic product photography, high detail",,,even shadowless,white,
clothing,clothing_026,dresses,"professional e-commerce product photograph of a black slip dress, laid flat on a plain white background, centred, even shadowless lighting, no model, sharp material texture, visible fabric weave and stitching, accurate colour, soft natural contact shadow, photorealistic product photography, high detail",,,even shadowless,white,
clothing,clothing_027,dresses,"professional e-commerce product photograph of a floral summer dress, laid flat on a plain white background, centred, even shadowless lighting, no model, sharp material texture, visible fabric weave and stitching, accurate colour, soft natural contact shadow, photorealistic product photography, high detail",,,even shadowless,white,
clothing,clothing_028,dresses,"professional e-commerce product photograph of a knitted long dress, laid flat on a plain white background, centred, even shadowless lighting, no model, sharp material texture, visible fabric weave and stitching, accurate colour, soft natural contact shadow, photorealistic product photography, high detail",,,even shadowless,white,
clothing,clothing_029,dresses,"professional e-commerce product photograph of a linen shirt dress, laid flat on a plain white background, centred, even shadowless lighting, no model, sharp material texture, visible fabric weave and stitching, accurate colour, soft natural contact shadow, photorealistic product photography, high detail",,,even shadowless,white,
clothing,clothing_030,modest,"professional e-commerce product photograph of a long-sleeve maxi dress, laid flat on a plain white background, centred, even shadowless lighting, no model, sharp material texture, visible fabric weave and stitching, accurate colour, soft natural contact shadow, photorealistic product photography, high detail",,,even shadowless,white,
clothing,clothing_031,modest,"professional e-commerce product photograph of a loose tunic with wide trousers, laid flat on a plain white background, centred, even shadowless lighting, no model, sharp material texture, visible fabric weave and stitching, accurate colour, soft natural contact shadow, photorealistic product photography, high detail",,,even shadowless,white,
clothing,clothing_032,modest,"professional e-commerce product photograph of a long cardigan over a maxi skirt, laid flat on a plain white background, centred, even shadowless lighting, no model, sharp material texture, visible fabric weave and stitching, accurate colour, soft natural contact shadow, photorealistic product photography, high detail",,,even shadowless,white,
clothing,clothing_033,modest,"professional e-commerce product photograph of a plain black abaya, laid flat on a plain white background, centred, even shadowless lighting, no model, sharp material texture, visible fabric weave and stitching, accurate colour, soft natural contact shadow, photorealistic product photography, high detail",,,even shadowless,white,
clothing,clothing_034,modest,"professional e-commerce product photograph of a hijab in plain neutral tones, laid flat on a plain white background, centred, even shadowless lighting, no model, sharp material texture, visible fabric weave and stitching, accurate colour, soft natural contact shadow, photorealistic product photography, high detail",,,even shadowless,white,
accessories,accessories_000,accessories,"professional e-commerce product photograph of a tan structured leather handbag on a plain white background, centred, even shadowless lighting, no model, sharp material texture, visible fabric weave and stitching, accurate colour, soft natural contact shadow, photorealistic product photography, high detail",,,,,
accessories,accessories_001,accessories,"professional e-commerce product photograph of a small black crossbody bag on a plain white background, centred, even shadowless lighting, no model, sharp material texture, visible fabric weave and stitching, accurate colour, soft natural contact shadow, photorealistic product photography, high detail",,,,,
accessories,accessories_002,accessories,"professional e-commerce product photograph of a natural canvas tote bag on a plain white background, centred, even shadowless lighting, no model, sharp material texture, visible fabric weave and stitching, accurate colour, soft natural contact shadow, photorealistic product photography, high detail",,,,,
accessories,accessories_003,accessories,"professional e-commerce product photograph of a leather belt with a simple buckle on a plain white background, centred, even shadowless lighting, no model, sharp material texture, visible fabric weave and stitching, accurate colour, soft natural contact shadow, photorealistic product photography, high detail",,,,,
accessories,accessories_004,accessories,"professional e-commerce product photograph of gold hoop earrings on a plain white background, centred, even shadowless lighting, no model, sharp material texture, visible fabric weave and stitching, accurate colour, soft natural contact shadow, photorealistic product photography, high detail",,,,,
accessories,accessories_005,accessories,"professional e-commerce product photograph of a silver pendant necklace on a plain white background, centred, even shadowless lighting, no model, sharp material texture, visible fabric weave and stitching, accurate colour, soft natural contact shadow, photorealistic product photography, high detail",,,,,
accessories,accessories_006,accessories,"professional e-commerce product photograph of layered fine chain necklaces on a plain white background, centred, even shadowless lighting, no model, sharp material texture, visible fabric weave and stitching, accurate colour, soft natural contact shadow, photorealistic product photography, high detail",,,,,
accessories,accessories_007,accessories,"professional e-commerce product photograph of an analogue wristwatch with a leather strap on a plain white background, centred, even shadowless lighting, no model, sharp material texture, visible fabric weave and stitching, accurate colour, soft natural contact shadow, photorealistic product photography, high detail",,,,,
accessories,accessories_008,accessories,"professional e-commerce product photograph of a steel wristwatch with a metal bracelet on a plain white background, centred, even shadowless lighting, no model, sharp material texture, visible fabric weave and stitching, accurate colour, soft natural contact shadow, photorealistic product photography, high detail",,,,,
accessories,accessories_009,accessories,"professional e-commerce product photograph of a thin gold bangle on a plain white background, centred, even shadowless lighting, no model, sharp material texture, visible fabric weave and stitching, accurate colour, soft natural contact shadow, photorealistic product photography, high detail",,,,,
accessories,accessories_010,accessories,"professional e-commerce product photograph of a wide brim felt hat on a plain white background, centred, even shadowless lighting, no model, sharp material texture, visible fabric weave and stitching, accurate colour, soft natural contact shadow, photorealistic product photography, high detail",,,,,
accessories,accessories_011,accessories,"professional e-commerce product photograph of a knitted beanie on a plain white background, centred, even shadowless lighting, no model, sharp material texture, visible fabric weave and stitching, accurate colour, soft natural contact shadow, photorealistic product photography, high detail",,,,,
accessories,accessories_012,accessories,"professional e-commerce product photograph of a patterned silk scarf on a plain white background, centred, even shadowless lighting, no model, sharp material texture, visible fabric weave and stitching, accurate colour, soft natural contact shadow, photorealistic product photography, high detail",,,,,
accessories,accessories_013,accessories,"professional e-commerce product photograph of a plain wool scarf on a plain white background, centred, even shadowless lighting, no model, sharp material texture, visible fabric weave and stitching, accurate colour, soft natural contact shadow, photorealistic product photography, high detail",,,,,
accessories,accessories_014,accessories,"professional e-commerce product photograph of round wire-frame glasses on a plain white background, centred, even shadowless lighting, no model, sharp material texture, visible fabric weave and stitching, accurate colour, soft natural contact shadow, photorealistic product photography, high detail",,,,,
accessories,accessories_015,accessories,"professional e-commerce product photograph of rectangular acetate glasses on a plain white background, centred, even shadowless lighting, no model, sharp material texture, visible fabric weave and stitching, accurate colour, soft natural contact shadow, photorealistic product photography, high detail",,,,,
accessories,accessories_016,accessories,"professional e-commerce product photograph of aviator sunglasses on a plain white background, centred, even shadowless lighting, no model, sharp material texture, visible fabric weave and stitching, accurate colour, soft natural contact shadow, photorealistic product photography, high detail",,,,,
accessories,accessories_017,accessories,"professional e-commerce product photograph of oversized sunglasses on a plain white background, centred, even shadowless lighting, no model, sharp material texture, visible fabric weave and stitching, accurate colour, soft natural contact shadow, photorealistic product photography, high detail",,,,,
accessories,accessories_018,accessories,"professional e-commerce product photograph of black leather gloves on a plain white background, centred, even shadowless lighting, no model, sharp material texture, visible fabric weave and stitching, accurate colour, soft natural contact shadow, photorealistic product photography, high detail",,,,,
accessories,accessories_019,accessories,"professional e-commerce product photograph of a minimal backpack on a plain white background, centred, even shadowless lighting, no model, sharp material texture, visible fabric weave and stitching, accurate colour, soft natural contact shadow, photorealistic product photography, high detail",,,,,
shoes,shoes_000,shoes,"professional e-commerce product photograph of a pair of white leather sneakers, three-quarter view on a plain white background, even shadowless lighting, no model, sharp material texture, visible fabric weave and stitching, accurate colour, soft natural contact shadow, photorealistic product photography, high detail",,,,,
shoes,shoes_001,shoes,"professional e-commerce product photograph of a pair of black running trainers, three-quarter view on a plain white background, even shadowless lighting, no model, sharp material texture, visible fabric weave and stitching, accurate colour, soft natural contact shadow, photorealistic product photography, high detail",,,,,
shoes,shoes_002,shoes,"professional e-commerce product photograph of a pair of canvas plimsolls, three-quarter view on a plain white background, even shadowless lighting, no model, sharp material texture, visible fabric weave and stitching, accurate colour, soft natural contact shadow, photorealistic product photography, high detail",,,,,
shoes,shoes_003,shoes,"professional e-commerce product photograph of a pair of black leather ankle boots, three-quarter view on a plain white background, even shadowless lighting, no model, sharp material texture, visible fabric weave and stitching, accurate colour, soft natural contact shadow, photorealistic product photography, high detail",,,,,
shoes,shoes_004,shoes,"professional e-commerce product photograph of a pair of tan suede chelsea boots, three-quarter view on a plain white background, even shadowless lighting, no model, sharp material texture, visible fabric weave and stitching, accurate colour, soft natural contact shadow, photorealistic product photography, high detail",,,,,
shoes,shoes_005,shoes,"professional e-commerce product photograph of a pair of knee-high leather boots, three-quarter view on a plain white background, even shadowless lighting, no model, sharp material texture, visible fabric weave and stitching, accurate colour, soft natural contact shadow, photorealistic product photography, high detail",,,,,
shoes,shoes_006,shoes,"professional e-commerce product photograph of a pair of black leather loafers, three-quarter view on a plain white background, even shadowless lighting, no model, sharp material texture, visible fabric weave and stitching, accurate colour, soft natural contact shadow, photorealistic product photography, high detail",,,,,
shoes,shoes_007,shoes,"professional e-commerce product photograph of a pair of brown brogues, three-quarter view on a plain white background, even shadowless lighting, no model, sharp material texture, visible fabric weave and stitching, accurate colour, soft natural contact shadow, photorealistic product photography, high detail",,,,,
shoes,shoes_008,shoes,"professional e-commerce product photograph of a pair of black court heels, three-quarter view on a plain white background, even shadowless lighting, no model, sharp material texture, visible fabric weave and stitching, accurate colour, soft natural contact shadow, photorealistic product photography, high detail",,,,,
shoes,shoes_009,shoes,"professional e-commerce product photograph of a pair of strappy heeled sandals, three-quarter view on a plain white background, even shadowless lighting, no model, sharp material texture, visible fabric weave and stitching, accurate colour, soft natural contact shadow, photorealistic product photography, high detail",,,,,
shoes,shoes_010,shoes,"professional e-commerce product photograph of a pair of flat leather sandals, three-quarter view on a plain white background, even shadowless lighting, no model, sharp material texture, visible fabric weave and stitching, accurate colour, soft natural contact shadow, photorealistic product photography, high detail",,,,,
shoes,shoes_011,shoes,"professional e-commerce product photograph of a pair of espadrilles, three-quarter view on a plain white background, even shadowless lighting, no model, sharp material texture, visible fabric weave and stitching, accurate colour, soft natural contact shadow, photorealistic product photography, high detail",,,,,
shoes,shoes_012,shoes,"professional e-commerce product photograph of a pair of chunky platform sneakers, three-quarter view on a plain white background, even shadowless lighting, no model, sharp material texture, visible fabric weave and stitching, accurate colour, soft natural contact shadow, photorealistic product photography, high detail",,,,,
shoes,shoes_013,shoes,"professional e-commerce product photograph of a pair of ballet flats, three-quarter view on a plain white background, even shadowless lighting, no model, sharp material texture, visible fabric weave and stitching, accurate colour, soft natural contact shadow, photorealistic product photography, high detail",,,,,
shoes,shoes_014,shoes,"professional e-commerce product photograph of a pair of hiking boots, three-quarter view on a plain white background, even shadowless lighting, no model, sharp material texture, visible fabric weave and stitching, accurate colour, soft natural contact shadow, photorealistic product photography, high detail",,,,,
shoes,shoes_015,shoes,"professional e-commerce product photograph of a pair of black derby shoes, three-quarter view on a plain white background, even shadowless lighting, no model, sharp material texture, visible fabric weave and stitching, accurate colour, soft natural contact shadow, photorealistic product photography, high detail",,,,,
shoes,shoes_016,shoes,"professional e-commerce product photograph of a pair of mule slides, three-quarter view on a plain white background, even shadowless lighting, no model, sharp material texture, visible fabric weave and stitching, accurate colour, soft natural contact shadow, photorealistic product photography, high detail",,,,,
shoes,shoes_017,shoes,"professional e-commerce product photograph of a pair of combat boots, three-quarter view on a plain white background, even shadowless lighting, no model, sharp material texture, visible fabric weave and stitching, accurate colour, soft natural contact shadow, photorealistic product photography, high detail",,,,,
